"Wijken en buurten";"Regioaanduiding/Gemeentenaam (naam)";"Regioaanduiding/Soort regio (omschrijving)";"Regioaanduiding/Codering (code)";"Regioaanduiding/Indelingswijziging wijken en buurten (code)";"Gezondheid en welzijn/Huisartsenpraktijk/Afstand tot huisartsenpraktijk (km)";"Gezondheid en welzijn/Huisartsenpraktijk/Aantal huisartsenpraktijken/Binnen 1 km (aantal)";"Gezondheid en welzijn/Huisartsenpraktijk/Aantal huisartsenpraktijken/Binnen 3 km (aantal)";"Gezondheid en welzijn/Huisartsenpraktijk/Aantal huisartsenpraktijken/Binnen 5 km (aantal)";"Gezondheid en welzijn/Huisartsenpraktijk/Afstand tot huisartsenpost (km)";"Gezondheid en welzijn/Afstand tot apotheek (km)";"Gezondheid en welzijn/Ziekenhuis (incl. buitenpolikliniek)/Afstand tot ziekenhuis (km)";"Gezondheid en welzijn/Ziekenhuis (incl. buitenpolikliniek)/Aantal ziekenhuizen/Binnen 5 km (aantal)";"Gezondheid en welzijn/Ziekenhuis (incl. buitenpolikliniek)/Aantal ziekenhuizen/Binnen 10 km (aantal)";"Gezondheid en welzijn/Ziekenhuis (incl. buitenpolikliniek)/Aantal ziekenhuizen/Binnen 20 km (aantal)";"Gezondheid en welzijn/Ziekenhuis (excl. buitenpolikliniek)/Afstand tot ziekenhuis (km)";"Gezondheid en welzijn/Ziekenhuis (excl. buitenpolikliniek)/Aantal ziekenhuizen/Binnen 5 km (aantal)";"Gezondheid en welzijn/Ziekenhuis (excl. buitenpolikliniek)/Aantal ziekenhuizen/Binnen 10 km (aantal)";"Gezondheid en welzijn/Ziekenhuis (excl. buitenpolikliniek)/Aantal ziekenhuizen/Binnen 20 km (aantal)";"Gezondheid en welzijn/Afstand tot consultatiebureau (km)";"Gezondheid en welzijn/Fysiotherapeut/Afstand tot fysiotherapeut (km)";"Gezondheid en welzijn/Fysiotherapeut/Aantal fysiotherapeuten/Binnen 1 km (aantal)";"Gezondheid en welzijn/Fysiotherapeut/Aantal fysiotherapeuten/Binnen 3 km (aantal)";"Gezondheid en welzijn/Fysiotherapeut/Aantal fysiotherapeuten/Binnen 5 km (aantal)";"Detailhandel/Winkels dagelijkse boodschappen/Afstand tot grote supermarkt (km)";"Detailhandel/Winkels dagelijkse boodschappen/Aantal grote supermarkten/Binnen 1 km (aantal)";"Detailhandel/Winkels dagelijkse boodschappen/Aantal grote supermarkten/Binnen 3 km (aantal)";"Detailhandel/Winkels dagelijkse boodschappen/Aantal grote supermarkten/Binnen 5 km (aantal)";"Detailhandel/Winkels dagelijkse boodschappen/Afstand tot ov. dagel. levensmiddelen (km)";"Detailhandel/Winkels dagelijkse boodschappen/Aantal overige dagelijkse levensmiddelen/Binnen 1 km (aantal)";"Detailhandel/Winkels dagelijkse boodschappen/Aantal overige dagelijkse levensmiddelen/Binnen 3 km (aantal)";"Detailhandel/Winkels dagelijkse boodschappen/Aantal overige dagelijkse levensmiddelen/Binnen 5 km (aantal)";"Detailhandel/Warenhuis/Afstand tot warenhuis (km)";"Detailhandel/Warenhuis/Aantal warenhuizen/Binnen 5 km (aantal)";"Detailhandel/Warenhuis/Aantal warenhuizen/Binnen 10 km (aantal)";"Detailhandel/Warenhuis/Aantal warenhuizen/Binnen 20 km (aantal)";"Horeca/Cafés en dergelijke/Afstand tot café e.d. (km)";"Horeca/Cafés en dergelijke/Aantal cafés/Binnen 1 km (aantal)";"Horeca/Cafés en dergelijke/Aantal cafés/Binnen 3 km (aantal)";"Horeca/Cafés en dergelijke/Aantal cafés/Binnen 5 km (aantal)";"Horeca/Cafetaria's en dergelijke/Afstand tot cafetaria e.d. (km)";"Horeca/Cafetaria's en dergelijke/Aantal cafetaria's e.d./Binnen 1 km (aantal)";"Horeca/Cafetaria's en dergelijke/Aantal cafetaria's e.d./Binnen 3 km (aantal)";"Horeca/Cafetaria's en dergelijke/Aantal cafetaria's e.d./Binnen 5 km (aantal)";"Horeca/Restaurants/Afstand tot restaurant (km)";"Horeca/Restaurants/Aantal restaurants/Binnen 1 km (aantal)";"Horeca/Restaurants/Aantal restaurants/Binnen 3 km (aantal)";"Horeca/Restaurants/Aantal restaurants/Binnen 5 km (aantal)";"Horeca/Hotels en dergelijke/Afstand tot hotel e.d. (km)";"Horeca/Hotels en dergelijke/Aantal hotels e.d./Binnen 5 km (aantal)";"Horeca/Hotels en dergelijke/Aantal hotels e.d./Binnen 10 km (aantal)";"Horeca/Hotels en dergelijke/Aantal hotels e.d./Binnen 20 km (aantal)";"Kinderopvang/Kinderdagverblijf/Afstand tot kinderdagverblijf (km)";"Kinderopvang/Kinderdagverblijf/Aantal kinderdagverblijven/Binnen 1 km (aantal)";"Kinderopvang/Kinderdagverblijf/Aantal kinderdagverblijven/Binnen 3 km (aantal)";"Kinderopvang/Kinderdagverblijf/Aantal kinderdagverblijven/Binnen 5 km (aantal)";"Kinderopvang/Buitenschoolse opvang/Afstand tot buitenschoolse opvang (km)";"Kinderopvang/Buitenschoolse opvang/Aantal buitenschoolse opvang/Binnen 1 km (aantal)";"Kinderopvang/Buitenschoolse opvang/Aantal buitenschoolse opvang/Binnen 3 km (aantal)";"Kinderopvang/Buitenschoolse opvang/Aantal buitenschoolse opvang/Binnen 5 km (aantal)";"Onderwijs/Basisonderwijs/Afstand tot school (km)";"Onderwijs/Basisonderwijs/Aantal scholen/Binnen 1 km (aantal)";"Onderwijs/Basisonderwijs/Aantal scholen/Binnen 3 km (aantal)";"Onderwijs/Basisonderwijs/Aantal scholen/Binnen 5 km (aantal)";"Onderwijs/Voortgezet onderwijs/Voortgezet onderwijs totaal/Afstand tot school (km)";"Onderwijs/Voortgezet onderwijs/Voortgezet onderwijs totaal/Aantal scholen/Binnen 3 km (aantal)";"Onderwijs/Voortgezet onderwijs/Voortgezet onderwijs totaal/Aantal scholen/Binnen 5 km (aantal)";"Onderwijs/Voortgezet onderwijs/Voortgezet onderwijs totaal/Aantal scholen/Binnen 10 km (aantal)";"Onderwijs/Voortgezet onderwijs/Vmbo/Afstand tot school (km)";"Onderwijs/Voortgezet onderwijs/Vmbo/Aantal scholen/Binnen 3  km (aantal)";"Onderwijs/Voortgezet onderwijs/Vmbo/Aantal scholen/Binnen 5  km (aantal)";"Onderwijs/Voortgezet onderwijs/Vmbo/Aantal scholen/Binnen 10  km (aantal)";"Onderwijs/Voortgezet onderwijs/Havo/vwo/Afstand tot school (km)";"Onderwijs/Voortgezet onderwijs/Havo/vwo/Aantal scholen/Binnen 3 km (aantal)";"Onderwijs/Voortgezet onderwijs/Havo/vwo/Aantal scholen/Binnen 5 km (aantal)";"Onderwijs/Voortgezet onderwijs/Havo/vwo/Aantal scholen/Binnen 10 km (aantal)";"Groenvoorzieningen/Openbaar groen/Afstand tot openbaar groen totaal (km)";"Groenvoorzieningen/Openbaar groen/Afstand tot park of plantsoen (km)";"Groenvoorzieningen/Openbaar groen/Afstand tot dagrecreatief terrein (km)";"Groenvoorzieningen/Openbaar groen/Afstand tot bos (km)";"Groenvoorzieningen/Openbaar groen/Afstand tot open natuurlijk terrein/Afstand tot open nat. terrein totaal (km)";"Groenvoorzieningen/Openbaar groen/Afstand tot open natuurlijk terrein/Afstand tot open droog nat. terrein (km)";"Groenvoorzieningen/Openbaar groen/Afstand tot open natuurlijk terrein/Afstand tot open nat natuurlijk terrein (km)";"Groenvoorzieningen/Semi-openbaar groen/Afstand tot semi-openbaar groen totaal (km)";"Groenvoorzieningen/Semi-openbaar groen/Afstand tot sportterrein (km)";"Groenvoorzieningen/Semi-openbaar groen/Afstand tot volkstuin (km)";"Groenvoorzieningen/Semi-openbaar groen/Afstand tot verblijfsrecreatief terrein (km)";"Groenvoorzieningen/Semi-openbaar groen/Afstand tot begraafplaats (km)";"Groenvoorzieningen/Afstand tot recreatief binnenwater (km)";"Verkeer en vervoer/Afstand tot oprit hoofdverkeersweg (km)";"Verkeer en vervoer/Treinstations/Afstand tot treinstations totaal (km)";"Verkeer en vervoer/Treinstations/Afstand tot belangrijk overstapstation (km)";"Vrije tijd en cultuur/Afstand tot bibliotheek (km)";"Vrije tijd en cultuur/Sport/Afstand tot zwembad (km)";"Vrije tijd en cultuur/Sport/Afstand tot kunstijsbaan (km)";"Vrije tijd en cultuur/Museum/Afstand tot museum (km)";"Vrije tijd en cultuur/Museum/Aantal musea/Binnen 5 km (aantal)";"Vrije tijd en cultuur/Museum/Aantal musea/Binnen 10 km (aantal)";"Vrije tijd en cultuur/Museum/Aantal musea/Binnen 20 km (aantal)";"Vrije tijd en cultuur/Podiumkunsten (excl. festivals)/Afstand tot podiumkunsten totaal (km)";"Vrije tijd en cultuur/Podiumkunsten (excl. festivals)/Aantal podiumkunsten totaal/Binnen 5 km (aantal)";"Vrije tijd en cultuur/Podiumkunsten (excl. festivals)/Aantal podiumkunsten totaal/Binnen 10 km (aantal)";"Vrije tijd en cultuur/Podiumkunsten (excl. festivals)/Aantal podiumkunsten totaal/Binnen 20 km (aantal)";"Vrije tijd en cultuur/Podiumkunsten (excl. festivals)/Afstand tot poppodium (km)";"Vrije tijd en cultuur/Bioscoop/Afstand tot bioscoop (km)";"Vrije tijd en cultuur/Bioscoop/Aantal bioscopen/Binnen 5 km (aantal)";"Vrije tijd en cultuur/Bioscoop/Aantal bioscopen/Binnen 10 km (aantal)";"Vrije tijd en cultuur/Bioscoop/Aantal bioscopen/Binnen 20 km (aantal)";"Vrije tijd en cultuur/Recreatie/Afstand tot sauna (km)";"Vrije tijd en cultuur/Recreatie/Afstand tot zonnebank (km)";"Vrije tijd en cultuur/Recreatie/Afstand tot attractie (km)";"Vrije tijd en cultuur/Recreatie/Aantal attracties/Binnen 10 km (aantal)";"Vrije tijd en cultuur/Recreatie/Aantal attracties/Binnen 20 km (aantal)";"Vrije tijd en cultuur/Recreatie/Aantal attracties/Binnen 50 km (aantal)";"Afstand tot brandweerkazerne (km)"
"Nederland";"Nederland                               ";"Land      ";"NL00      ";".";1;1,7;9,6;20,2;6,3;1,2;4,8;1,2;3;8,8;7,1;0,7;1,8;4,6;;;;;;0,9;2;11,1;23,3;0,8;9,1;53,7;111,7;2,6;2,8;7,3;21,2;1,2;4,6;30,5;62;0,8;7,1;47,1;97,6;0,8;9,5;66,1;137,2;2,4;17,8;41;95,8;0,6;3,6;22,5;49,4;0,7;2,6;15,6;34,6;0,7;2;10,9;23,6;2,4;3,9;8,2;20,4;2,5;3;6,3;15,8;3,3;2;4,1;10,2;;;;;;;;;;;;;;1,8;5,1;13,6;1,9;3,2;18,5;3,9;3,5;8,2;21,5;4,8;3,1;7;16,2;10,9;6,3;1,3;2,9;7,4;8,1;4,1;5,8;2,7;7,9;35,9;2,1
"Utrecht";"Utrecht                                 ";"Gemeente  ";"GM0344    ";".";0,6;2;14,4;32,1;3,5;0,7;2,4;2,2;6,7;12,5;3,4;1,5;4,7;8,8;;;;;;0,6;3,2;24;51,5;0,5;13,4;105,8;222,2;1,6;7;15,2;29,6;0,9;5,1;40,8;78,2;0,5;13,3;110;222,6;0,5;20,4;172,5;337,6;1,9;19,5;33,1;65,3;0,4;7;51,4;115,2;0,5;4,6;36,3;86,3;0,5;3,1;22,1;52,1;1,2;5,4;12,1;29,6;1,4;3,3;7,4;20,7;1,5;3,4;7,5;16,8;;;;;;;;;;;;;;2;1,7;3,8;1,2;2,2;5,8;2,8;7,1;13,5;27;1,9;6,1;10,2;19,1;3,3;2,1;5,1;8,8;13,3;3,8;1,3;3,5;4,9;10,2;52,3;1,7
"Wijk 01 West";"Utrecht                                 ";"Wijk      ";"WK034401  ";"1";0,5;1,4;14,1;42,3;3,6;0,6;3,6;2,6;7,7;12;3,6;1,8;5,7;9;;;;;;0,5;4,5;33,9;73,1;0,3;21,8;164,9;305,3;1,5;9;16;28,5;0,6;3,6;63,3;102,8;0,3;12,4;177,8;305,3;0,3;19,4;275,8;447,6;1;27,1;33,4;63,6;0,3;7,7;64,4;162,6;0,3;6,9;40,6;111,4;0,4;3,7;27,5;74,2;0,8;8;17,4;30;1,6;4,1;10,9;21,1;1,1;5,7;10,4;17,3;;;;;;;;;;;;;;2,5;1,5;1,9;1,3;1,8;4,7;2,2;9,1;14,2;25,7;1,6;8,5;9,9;19,3;2,2;1,8;7;9;14;3;0,9;2,1;4,2;10;53,9;1,9
"Welgelegen, Den Hommel";"Utrecht                                 ";"Buurt     ";"BU03440111";"1";0,7;1;10,4;37,2;4,3;0,7;4,3;2,1;8;12;4,3;2;6;9;;;;;;0,8;1,1;28;67,6;0,6;6,7;135,2;296,1;1,3;9;16,5;28,1;1,6;0;47,7;103,5;0,8;2,4;136,1;302,2;0,3;5,4;210,8;447,7;0,5;27,1;33,7;59,8;0,6;4,2;44,2;150;0,5;5,3;34,2;110;0,7;2,1;21,3;69,6;0,9;7,1;15,4;31,9;1,3;3,1;9,3;23;0,9;5,1;10,1;18,3;;;;;;;;;;;;;;1,6;2,3;2,3;0,7;0,7;5,6;2,7;9;14,4;25,3;1,6;8;10,1;18,8;2,7;1,9;7;9;14;3,4;1,3;3;4,3;10;53,9;2,8
"Oog in Al";"Utrecht                                 ";"Buurt     ";"BU03440112";"1";0,4;1;9,2;38,8;3,8;0,4;3,8;2;8;12;3,8;1,8;6;9;;;;;;0,3;1,2;25,1;70,9;0,3;6,1;115,7;293,5;1,6;9;15,8;28;1,1;0,9;26,4;101,2;0,3;3,8;100,5;300,4;0,3;5,1;128,4;439,5;0,8;26;32,4;60,5;0,3;7,4;42,7;154,2;0,2;8,8;29,6;102,7;0,3;4,4;21,4;68,1;1,3;6,8;15,3;30,2;1,8;2,8;9,5;22;1,4;4,7;9,8;17,2;;;;;;;;;;;;;;1,9;2;2,7;0,4;1,1;4,9;3;9;14,7;25;2,1;8,4;10;18;3;2,3;7;9;14;3,7;1,6;2,3;4;10;54,6;2,1
"Halve Maan-Zuid";"Utrecht                                 ";"Buurt     ";"BU03440113";"1";0,4;1;7,5;36;3,9;0,4;3,9;1,6;8;12;3,9;1,6;6;9;;;;;;0,4;1;22,2;70,6;0,4;5,9;94,6;288,9;1,5;9;15,9;28;1,3;0;16,7;100,2;0,4;3,2;71,2;295;0,4;3,2;84,6;434,6;0,7;25,7;32,5;59,8;0,2;4,6;37;147,3;0,3;7,5;27,5;98,3;0,4;4;18,6;66;1,3;5,7;15;30,3;1,7;1,7;9,3;22,3;1,3;3,7;9,7;17,3;;;;;;;;;;;;;;1,7;2,2;2,9;0,7;0,9;5,1;3,3;9;15,2;25;2,3;7,6;10;17,8;3,3;2,5;7;9;14;4;1,6;2,5;4,3;10;54,2;2,3
"Halve Maan-Noord";"Utrecht                                 ";"Buurt     ";"BU03440114";"1";0,7;1,1;8,7;37,5;3,4;0,7;3,4;1,5;7,9;12;3,4;1;5,9;9;;;;;;0,7;1,6;23,6;69,9;0,5;6,5;118,5;288,8;2;9;15;28;0,8;2,6;26,5;101,2;0,2;5,1;103,6;296,5;0,6;5,2;125,3;433,5;1,3;26;32,2;61,2;0,3;6;46,4;153,6;0,3;8,9;27,3;97,3;0,3;5,1;24,3;67,3;1,4;7,4;13,3;29,1;2,3;3,4;9;21,1;1,7;4,9;8,2;17;;;;;;;;;;;;;;2,3;1,7;2,7;0,8;1,5;4,5;3;9;14,1;25,1;2,4;9;10;18;3;2,6;7;9;14;3,8;1,5;1,9;4;10;54,8;1,8
"Lombok-Oost";"Utrecht                                 ";"Buurt     ";"BU03440121";"1";0,5;1,5;18,1;47;3,7;0,5;3,7;3;8;12;3,7;2;6;9;;;;;;0,2;8,3;43,2;76;0,1;44,9;216,2;319,6;1;9;17;29,3;0,2;6,5;93,8;103,4;0,1;26,4;235,8;309,8;0,1;41,9;392,2;455,5;0,5;28;34;66,3;0,4;8,9;92,5;171,2;0,4;5,4;57,9;122,2;0,4;3,3;32,6;81,8;0,6;8,6;19;31,3;1;4,6;12;21,5;0,7;6;11;18,2;;;;;;;;;;;;;;2,7;1;1;1,8;2,2;4,9;1,3;9;13,9;26;0,7;8;10;20;1,3;0,9;7;9;14;2,1;0,3;2,5;5;10;52,1;2,3
"Leidseweg en omgeving";"Utrecht                                 ";"Buurt     ";"BU03440122";"1";0,6;1;17,5;44,4;3,7;0,6;3,7;3;8;12;3,7;2;6;9;;;;;;0,4;5;44,9;75,1;0,5;35,6;205,9;315,4;1,4;9;16,4;29,2;0,7;2,5;93,6;104;0,4;15,9;224,1;309,4;0,4;28,3;370,7;454,8;0,6;28;34,9;64;0,2;6,7;77,9;161;0,5;4,4;50,9;117,5;0,6;1,9;32,5;76,3;0,3;8;18,1;32,3;1,1;4;11,1;23;0,3;6;11;18,3;;;;;;;;;;;;;;2;1,4;1,4;1,3;1,5;5,3;1,8;9;13,7;26;0,8;8;10;20;1,8;1;7;9;14;2,5;0,6;2,8;4,3;10;53,7;2,5
"Lombok-West";"Utrecht                                 ";"Buurt     ";"BU03440123";"1";0,3;1,8;17,7;45,2;3,7;0,3;3,7;3;8;12;3,7;2;6;9;;;;;;0,2;7,6;41;74,8;0,2;37,3;199,9;313,1;1,5;9;16,2;28,9;0,4;4,8;88,1;104,4;0,2;18,7;226,8;308,8;0,1;30,8;370,1;453,2;0,9;28;33,8;65;0,2;9,8;77,2;168,4;0,2;6;47,4;117,8;0,3;3,3;30,5;77,3;0,3;8,1;19;31;1,4;4,1;12;22;0,5;6,1;11;17,7;;;;;;;;;;;;;;2,5;1,5;1,5;1,7;2;4,8;1,7;9;14;26;1;8,4;10;20;1,7;1,3;7;9;14;2,5;0,4;2,2;4,1;10;52,9;2,1
"Laan van Nieuw-Guinea, Spinozaweg e.o.";"Utrecht                                 ";"Buurt     ";"BU03440124";"1";0,4;1,8;14,1;43,3;3,1;0,9;3,1;2,9;7,3;12;3,1;2;5,3;9;;;;;;0,4;4,6;32,5;74,7;0,3;12,9;166,4;311,9;1,8;9;15,9;28;0,2;4,7;66,2;103,8;0,2;11,1;195,6;311,9;0,2;17,1;300,8;454,5;1,5;27,8;33,5;62,6;0,3;8,1;60,5;167,2;0,3;8,7;36,7;111,9;0,3;4,7;29,7;76;0,7;9,5;18,5;28,8;2;5,5;11,5;19,8;1,2;6,7;10,9;17;;;;;;;;;;;;;;2,9;1,4;2;1,3;2,1;4,3;2,3;9,1;14,1;26;1,7;9;9,8;19,7;2,3;1,9;7;9;14;3,1;0,8;1,7;4;10;54,8;1,5
"Nieuw Engeland, Th. a. Kempisplantsoen e";"Utrecht                                 ";"Buurt     ";"BU03440131";"1";0,6;1,7;17,3;45,1;3,4;0,7;3,4;3;7,5;12;3,4;2;5,5;9;;;;;;0,5;6,1;39,3;75,2;0,3;31,8;194,5;314,1;1,3;9;16,4;28,8;0,3;5,2;83,7;104,5;0,2;17,4;224,4;311;0,2;27,3;363,2;455,3;1,1;27,8;33,7;65,9;0,3;8,8;79,7;170,9;0,3;6,7;48,5;118,3;0,5;3,8;31,1;78,8;0,7;9;18,8;29,5;1,4;5;11,8;20,2;1;6,5;10,9;17,3;;;;;;;;;;;;;;3;1,2;1,4;1,8;2,4;4,4;1,7;9,1;14,1;26;1,3;8,7;9,8;19,9;1,7;1,4;7;9;14;2,5;0,4;1,9;4,4;10;53,9;1,7
"Schepenbuurt, Cartesiusweg e.o.";"Utrecht                                 ";"Buurt     ";"BU03440132";"1";1,2;0,1;11;38,3;3,1;1,2;3,1;2;7;12;3,1;1;5;9;;;;;;1,2;0,4;24,3;69,9;1,1;0,9;112,4;288,7;1,2;9;14,6;28,1;0,7;3,2;29,3;102,1;0,8;2,2;109,7;297,6;1;2;138,2;440,2;2,3;24;33,7;66,9;0,7;4;50,5;156;0,7;3,1;29,2;98,4;0,8;1,7;23,5;68,3;1,7;7;15,3;26,2;2,6;4,6;10,1;18;2,1;4,4;8,3;15,2;;;;;;;;;;;;;;3,5;0,8;2,7;1,8;2,3;3,5;2,9;10;14,8;26;2,6;9;9;19;2,9;2,4;7;8,2;14;3,8;1,5;1,1;4;10;55;0,9
"Bedrijventerrein Lageweide";"Utrecht                                 ";"Buurt     ";"BU03440133";"1";1,9;0;3,1;21,8;2,9;2,3;2,9;1;4,6;11,9;2,9;1;2,6;8,2;;;;;;1,4;0;5,6;30,8;1,2;0,2;16,6;114;2,4;5,6;14;28,3;1,9;0;3,2;29,3;0,7;1,1;20,7;111,9;1,1;0,2;22,3;145;1,6;5,4;31;65;1,8;0;10;66,6;1,8;0;12,9;59,9;1,9;0;5;36,5;2,4;2,2;7,8;24,9;2,7;1,3;5,8;16,2;2,7;1;3,8;14;;;;;;;;;;;;;;1,5;2,3;5,8;2,4;2,9;5;4;1,9;13,3;23,4;5,3;1,4;9;16,8;5,7;3,8;2,8;8;12,3;6,2;2,5;2,5;4;10;56,9;2,8
"Wijk 02 Noordwest";"Utrecht                                 ";"Wijk      ";"WK034402  ";"1";0,5;2;17,5;39;4,3;0,6;3,1;2,3;6,9;12;4,3;1,3;4,9;9;;;;;;0,5;4,3;33,2;62,9;0,3;15,7;136,3;278;1,1;8,9;15,4;29,4;0,6;5,8;54,2;97,1;0,2;18;145,9;281,7;0,3;20,3;215,9;426,1;1,1;23,8;32,2;70,5;0,3;8,7;63,5;136,7;0,5;2,9;32,4;90,7;0,4;4,2;26,4;61;1,3;5,1;16;28,9;1,3;3,4;10,3;19,6;2,1;2,2;8,9;16,2;;;;;;;;;;;;;;2,9;1,3;2,8;1,1;1,7;2,5;1,9;8,9;14;27,1;2,2;7,4;9;19,6;2,2;2,6;6,6;8,1;14;2,7;1;1,5;4,3;10,1;52,6;1,2
"Pijlsweerd-Zuid";"Utrecht                                 ";"Buurt     ";"BU03440211";"1";0,4;2,4;26,7;43,6;3,4;0,4;2,9;2,6;7;12;3,3;1,6;5;9;;;;;;0,2;7,2;48,3;70,1;0,2;37,6;224,1;308,2;0,8;9;17;30,8;0,3;25,4;94,6;104,5;0,2;45,4;243,4;308,2;0,2;85;396,4;449,6;0,7;27;33,5;70;0,3;7,2;98,5;158,6;0,4;2,9;61,9;111;0,4;3;38,3;72,2;0,4;10,9;19;32,1;0,4;6,3;12;22,1;0,4;6,6;11;18,6;;;;;;;;;;;;;;2,8;1,1;1,1;1,3;2,1;4;0,6;9,6;13,7;28,5;0,5;8;9,1;20;0,5;0,8;7;9;14;1,5;1;2,3;5;10,5;51,1;2,1
"Pijlsweerd-Noord";"Utrecht                                 ";"Buurt     ";"BU03440212";"1";0,6;2,2;25,8;42,7;3,7;0,7;2,7;2,3;7;12;3,6;1,3;5;9;;;;;;0,5;6,8;49,9;68,5;0,4;27,1;222;303,5;1,1;9;16,9;30,1;0,5;12,5;92,9;103,9;0,3;20,7;235,8;303,7;0,2;34;389,5;447,2;1;25,4;33,1;71;0,3;8,7;93,4;153,6;0,7;2,6;54,5;105,7;0,6;4,1;36,1;69,4;0,7;9,2;18,5;31,1;0,7;5,4;11,5;21,1;0,7;4,8;10,6;18,1;;;;;;;;;;;;;;3,1;1,5;1,5;1,4;1,8;3,7;1;10;14;28,3;0,8;8;9;20;0,8;1,2;7;8,5;14;1,8;1,3;2,1;5;10,1;50,3;1,9
"Nijenoord, Hoogstraat en omgeving";"Utrecht                                 ";"Buurt     ";"BU03440221";"1";0,5;1,3;24,1;42,7;4,1;1;2,1;2,4;7;12,1;4;1,4;5;9,1;;;;;;0,7;3,3;44,6;65,1;0,4;12,9;206,9;298;1,1;9;16;30,1;0,3;4,8;85,5;102,8;0,2;13,3;221,2;298,1;0,5;16,6;356,8;446,6;1,4;25;32;72,8;0,4;10,4;90,8;147,3;0,8;1,9;47;97,4;0,5;4,6;36,1;64,6;0,9;7,5;18,9;30,6;0,9;4,5;11,9;20,6;1,3;3,5;11;17,6;;;;;;;;;;;;;;3;1,5;2,1;1,5;1,2;3,2;1,4;10;14;28,1;1,1;8;9;20;1,1;1,6;7;8;14;2,2;1,3;2;5;10;50,4;1,9
"Ondiep";"Utrecht                                 ";"Buurt     ";"BU03440222";"1";0,5;1,8;22;41,6;4,4;0,8;2,4;3;7;12;4,3;2;5;9;;;;;;0,6;4,4;41,8;65,9;0,3;12,7;191,8;295,7;0,8;9;15,9;29,8;0,4;5,3;80,4;101,2;0,2;17,4;210,3;298,4;0,3;16;328;448,1;1,4;25;32;72;0,2;11,4;77,7;147,9;0,4;1,6;37,2;94,6;0,2;5,3;33,5;65,2;1,3;6,5;18,5;30,2;1,3;4,2;11,5;20,2;1,6;2,6;11;17,2;;;;;;;;;;;;;;3,2;1,2;2,3;1,5;1,1;2,8;1,8;10;14;28;1,5;8;9;20;1,5;2;7;8;14;2,5;1,4;1,6;4,6;10;52,1;1,4
"2e Daalsebuurt en omgeving";"Utrecht                                 ";"Buurt     ";"BU03440223";"1";0,5;2,2;21,6;44,3;4,1;0,6;2,8;3;7;12;4;2;5;9;;;;;;0,4;7,5;46,4;71,2;0,1;24,1;202,9;307,8;0,7;9;16,6;29;0,2;9,2;90,2;103,6;0,1;21,8;224,6;306,9;0,1;24,2;372,6;451,7;1,5;25;32,6;71,4;0,3;10,1;83,7;158,5;0,7;1,6;46,9;106,4;0,5;4;32,7;72,4;1,1;6,1;19;30,8;1,1;3,5;12;20,8;1,1;3,4;11;17,8;;;;;;;;;;;;;;3,6;1;1,7;1,8;1,8;3,4;1,5;10;14;27,2;1,4;8;9;20;1,4;1,7;7;8,2;14;2,4;1,4;1,4;4,5;10;52,6;1,2
"Egelantierstraat, Mariëndaalstraat e.o.";"Utrecht                                 ";"Buurt     ";"BU03440224";"1";0,2;1,8;20,1;44,2;3,8;0,3;3,1;3;7;12;3,8;2;5;9;;;;;;0,2;5,2;40,7;71,6;0,2;17,4;180,5;307,5;0,3;9;15,2;29;0,2;4,8;77,6;102,8;0,2;20,6;214,4;304,8;0,2;19,5;329,7;452,8;1,6;25;32;69,9;0,3;11,9;72,2;163,5;0,5;2,3;36,5;104,5;0,3;4,7;29,7;73,4;1,6;5,8;18,8;28,9;1,6;3,8;11,8;19,7;1,6;2,9;11;15,9;;;;;;;;;;;;;;3,7;0,5;2,2;1,4;1,5;2,9;2;10;15;26,2;1,9;8,2;9;20;1,9;2,2;7;8;14;2,8;0,9;0,8;4;10;54;0,7
"Julianapark en omgeving";"Utrecht                                 ";"Buurt     ";"BU03440231";"1";0,6;2,7;17,9;42,4;4;0,3;3,1;2,4;7;12;4;1,4;5;9;;;;;;0,5;5,4;36,4;68,6;0,3;14,1;148,5;296,6;0,5;9;14,3;29;0,5;4;53,8;100;0,2;19,6;155,6;297,7;0,2;14,2;219,7;444,6;1,1;24,9;32;69,4;0,4;14,1;61,7;153,6;0,5;4,1;32,3;99,2;0,4;6,5;27,9;69;2,1;4,5;17,3;28,4;2,1;3;11;19,1;2,1;1,5;10,3;15,3;;;;;;;;;;;;;;3,1;0,6;2,7;0,9;1,3;2,3;2,5;10;14,8;26,2;2,3;8,1;9;19,6;2,3;2,7;7;8;14;2,8;0,5;0,9;4;10;54;0,8
"Elinkwijk en omgeving";"Utrecht                                 ";"Buurt     ";"BU03440232";"1";0,3;2,9;13,6;40;4,3;0,3;3,4;2;7;12;4,3;1;5;9;;;;;;0,3;3,9;27;64,2;0,2;13,3;82,8;279,4;1;9,2;14,9;29;0,4;1,6;27,1;99,8;0,2;15,9;82,7;285,9;0,2;9,4;90,5;438,7;0,8;24,7;32;69,8;0,2;8,8;46;134,5;0,6;3,6;22,7;91,3;0,3;4,5;20,7;59,7;1,9;3,5;15,9;27,3;1,9;3;10,9;18,8;2,6;1;8,9;14,5;;;;;;;;;;;;;;2,8;1,1;3,2;0,5;1,6;2;2,8;10;14,3;26;2,8;7,9;9;19,1;2,8;3,2;7;8;14;3,1;0,3;0,9;4;10;53,8;1,1
"Prins Bernhardplein en omgeving";"Utrecht                                 ";"Buurt     ";"BU03440233";"1";0,4;2,5;9,2;33,9;4,6;0,4;3,9;2;7;12;4,6;1;5;9;;;;;;0,3;3,5;16;56,2;0,3;10,2;54,6;250,8;1,6;9,2;15;29;0,6;0,9;15;95,6;0,2;10,9;51,7;257,1;0,3;6,7;46,5;416,6;0,9;22;32;70,7;0,3;6,1;35,8;110;0,3;3,2;13,3;74,1;0,3;2,8;14,4;48,6;1,3;1,6;12,2;26,4;1,3;1,6;8,4;18,2;3,2;0,1;5,8;14,2;;;;;;;;;;;;;;2,3;1,7;3,8;0,7;2,1;1,5;2,3;6,9;14;26,1;3,4;6,2;9;19;3,4;3,8;6,3;8;14;3,5;0,9;1,5;4;10;53,2;0,8
"Geuzenwijk";"Utrecht                                 ";"Buurt     ";"BU03440241";"1";0,7;1,4;17,3;38,4;4,5;0,5;2,6;2,2;7;12;4,5;1,2;5;9;;;;;;0,8;2,1;31,1;61,1;0,4;10,9;110,6;275,9;1;9;14,3;29,2;1;1,6;47,9;97;0,2;14,2;116,1;285,8;0,4;9,3;160,4;434,7;0,7;24,4;32;70,6;0,3;10,6;58,6;137,3;0,4;3,9;27,7;88,4;0,3;6,8;27,3;60,1;1,8;4,8;16,7;29,9;1,8;3,7;10,9;19,9;2,4;1;9,7;16,9;;;;;;;;;;;;;;2,9;1,1;3,1;0,8;0,8;2,1;2,5;10;13,8;27,9;2,2;7,9;9;20;2,2;2,7;7;8;14;2,4;0,9;1,4;4;10;53;1,3
"Schaakbuurt en omgeving";"Utrecht                                 ";"Buurt     ";"BU03440242";"1";0,4;2,2;12,6;33,3;4,9;0,3;3,2;1,8;7;12;4,9;0,8;5;9;;;;;;0,4;2,6;22,2;54,4;0,3;9,8;68,8;245,3;1,5;8,3;14,5;29;0,9;0,8;19,7;92,6;0,3;11;63,2;260,9;0,6;5;60,5;409,9;0,5;24,1;32;69,4;0,4;6,2;46,8;117,3;0,3;4,2;17,3;76,4;0,4;4,3;19,5;50,2;1,9;2,4;13,1;27,1;1,9;2,4;9,3;18,3;3,1;0,4;6,7;14,8;;;;;;;;;;;;;;2,3;1,6;3,7;0,4;1,4;1,5;2,4;8,3;13,2;26,5;2,9;6,9;9;19,2;2,9;3,4;6,5;8;14;3;1;1,5;4;10;51,8;1,3
"Queeckhovenplein en omgeving";"Utrecht                                 ";"Buurt     ";"BU03440243";"1";0,8;1,5;11;31,7;5,1;0,8;3,9;1,3;7;12;5,1;0,3;5;9;;;;;;0,4;2,5;15,1;49,8;0,7;7,4;53,4;232,5;2;8,9;15;29;1,1;0,2;10,9;90,2;0,4;7,2;50,5;243,8;0,4;4,1;39,1;389,6;1,1;20,4;32;70,3;0,7;4,5;34,9;100,3;0,6;3;10,9;65,1;0,7;2;13,5;45;1,3;1,1;9;26;1,3;1,1;6;18;3,6;0;3,7;14;;;;;;;;;;;;;;1,9;2,1;4,1;0,8;2,1;1,1;2;4,3;14;27,7;3,5;6;9;19;3,5;4;6;8;14;3,2;1,3;1,2;4;10;52;0,6
"Zuilen-Noord";"Utrecht                                 ";"Buurt     ";"BU03440244";"1";1,1;0,2;6,5;27,3;5,3;1,1;4,6;1;6;12;5,3;0,1;4;9;;;;;;0,8;1,4;11,2;47,4;0,3;2,7;31;205,4;2,4;8,5;15;28,9;1,4;0;7,5;68,8;0,3;3,4;33,1;201,7;0,4;2,7;29,6;301;1,6;14,1;31,6;70,2;0,4;2,4;25,8;85,2;0,6;2,4;11;57,8;0,9;0,7;10,9;39,7;0,5;1;8;26,1;0,5;1;4,5;17,2;4;0;2,6;15;;;;;;;;;;;;;;2,3;2,5;4,6;1,4;2,9;2;1,6;4,5;14;26;4,1;4;9;19;4,1;4,5;3,7;8;14;4,1;1,7;2,1;4;10;54;0,4
"Wijk 03 Overvecht";"Utrecht                                 ";"Wijk      ";"WK034403  ";"1";0,5;2,8;14,9;31,3;5,6;0,7;1,5;1,3;6,7;12,8;5,5;0,3;5;9,7;;;;;;0,5;3;20,1;49,7;0,4;9,9;72,8;222;1,4;7,1;14,7;31,9;0,8;1;22,5;87,7;0,4;4,6;65;235,1;0,6;2,8;77,8;369,9;2,1;22,1;32,3;72,6;0,4;4,7;44,7;106,6;1;0,6;18,4;63,9;0,5;2,1;21,6;45,2;1,5;4,1;9,4;28,4;1,5;3,1;6;18,4;2,5;1,1;4,7;16,4;;;;;;;;;;;;;;1,5;2,2;4,1;1,2;1,5;2,4;2,9;7,6;13,3;28,3;3;6,5;9,3;20,7;3;3,4;5,1;8;13,4;1,5;1;2,3;4,5;10,5;48,8;2,5
"Taag- en Rubicondreef en omgeving";"Utrecht                                 ";"Buurt     ";"BU03440311";"1";0,9;1,1;19,7;36,9;4,6;0,5;0,9;2;6,7;12,7;4,5;1;5;9,7;;;;;;0,6;3,4;29,8;57,1;0,4;10,9;127,2;252,3;1;7,5;15,5;32,5;0,6;1,7;61,1;98,1;0,4;6,2;139,2;266;0,4;3;222,6;424,9;1,4;24,5;32;73,1;0,4;3,9;61;124,6;0,4;1,4;29,2;74,7;0,4;2;28,3;50,1;0,4;5,8;13,5;28,6;0,4;4,8;7,2;18,6;1,9;2,8;8,2;16,5;;;;;;;;;;;;;;1,7;1,3;3,3;1;1,6;3,3;2,5;9,9;14;28,7;2,1;8;9,1;20,6;2,1;2,4;6,1;8;13,5;2;0,9;3,2;5;11;47,9;2,6
"Wolga- en Donaudreef en omgeving";"Utrecht                                 ";"Buurt     ";"BU03440312";"1";0,3;2,3;18,7;34,7;4,8;0,6;0,6;2;6;13,9;4,6;1;5;10;;;;;;0,4;2,3;19;56,7;0,3;9,9;79,3;249,8;1,7;7,6;15,2;35,1;0,5;1,9;35,4;97,7;0,4;2,1;73,8;255,5;0,3;3,9;118,7;418;1,7;24,2;33,8;74,9;0,4;3,4;46,4;120,5;0,9;0,8;27,7;68,3;0,4;2,5;24,2;49,4;0,9;5;10,4;27,9;0,9;4;5,2;17,9;1,1;2;6,3;16,1;;;;;;;;;;;;;;0,8;1,3;3,8;1,6;1,6;3,9;3;9,3;14;30;2,5;7,3;11;22,1;2,6;2,7;6;8,1;13,3;2,3;1,6;3,8;5;11,4;45,6;2
"Zamenhofdreef en omgeving";"Utrecht                                 ";"Buurt     ";"BU03440321";"1";0,6;4,2;18;34,2;5,3;0,7;1;1,1;7;13;5,2;0,1;5;10;;;;;;0,4;5,4;25,6;54,2;0,4;14,3;92,4;244,7;0,7;7,9;15,1;32,8;1;0,7;26,6;94,5;0,3;10,4;79,2;258,3;0,4;3,3;90,8;409,8;2;24,2;32;73,9;0,7;2,5;53,3;116,5;1,1;0,3;21;72,1;0,7;1,5;24,5;48,1;1,1;5;10;29,1;1,1;3,9;6,5;19,1;2,4;2;4,8;17;;;;;;;;;;;;;;1,9;1,8;3,7;0,4;1;2,6;2,9;10;13,1;28,6;2,5;7,1;9;21,4;2,5;3;6,1;8;14;1,3;0,7;2,5;5;10,3;49,3;2,6
"Neckardreef en omgeving";"Utrecht                                 ";"Buurt     ";"BU03440322";"1";0,3;3,7;15,4;31,4;5,5;0,5;0,6;1,1;6,8;13,2;5,4;0,1;5;10,1;;;;;;0,3;3,3;17,7;50,9;0,6;9,1;65,7;231,8;1,3;7;14,7;33,6;1;0,7;14,8;92,1;0,4;4,8;49,5;243,8;0,8;2,4;50,3;386,6;2,2;24;32,1;74;0,3;3,8;43,3;107,7;1,1;0,2;18,7;65,4;0,4;1,8;22,6;45,5;1,2;4,1;8,9;28;1,2;3,1;5,6;18;1,9;1,1;4,3;16,5;;;;;;;;;;;;;;1,3;1,9;4,2;1;1,6;3,1;3,4;9,6;13;28,9;3;7;9,3;21,9;3;3,3;5,4;8;13,2;1,4;1,1;3,1;5;11,3;47,9;2,5
"Vechtzoom-zuid";"Utrecht                                 ";"Buurt     ";"BU03440331";"1";0,3;3,8;15,3;31,6;5,6;0,7;2,2;1;7;12,2;5,6;0;5;9,2;;;;;;0,5;3,2;23,6;52;0,5;11;77,1;236,5;1,1;7,9;14,7;30,2;0,6;1;18,9;91;0,5;4,7;64,5;251,9;0,3;3,7;63,1;396,5;2,1;24;32;71,1;0,4;5;50,4;115;1,3;0,1;17,3;70,6;0,5;1,5;22,8;47,6;1,7;3,5;9,6;29;1,7;2,5;6,5;19;3,1;0,4;4,5;17;;;;;;;;;;;;;;1,9;2,3;3,9;1;1;1,6;2,8;8,6;13;28;2,8;7;9;20;2,8;3,4;5,9;8;14;1,3;0,9;1,5;4,1;10;50,2;2,4
"Vechtzoom-noord, Klopvaart";"Utrecht                                 ";"Buurt     ";"BU03440332";"1";0,8;1,2;10,9;26,9;6,2;1,4;2,9;1;6,8;12,3;6,1;0;5;9,3;;;;;;0,5;2,2;15,5;41,6;0,5;5,6;46,2;182,9;1,9;5,8;13,4;29,6;0,7;1,5;7,4;74,4;0,6;2,5;41,7;197,3;0,7;2,4;28,1;301,1;2,1;17,4;32;70,5;0,6;4,3;34,5;84,3;1,5;0;10,4;52,3;0,9;0,8;15,7;39,7;2,5;2,3;7,7;27,6;2,5;2,1;5,8;18,3;3,8;0;3;15,6;;;;;;;;;;;;;;1;3,1;4,7;1,7;1,9;0,8;2,1;3,8;13;27,1;3,7;5,1;9;19,7;3,7;4,2;3,8;8;13,1;2;1,5;0,8;4;10;50,8;2,1
"Bedrijventerrein en omgeving";"Utrecht                                 ";"Buurt     ";"BU03440333";"1";1,9;0,2;7,6;24,4;6,8;2,1;3,6;1;5,7;12,6;6,8;0;4,3;9,6;;;;;;1,1;0,5;9,3;29;0,6;1,5;27,7;111,9;3;3,5;14,5;30,5;1,2;0,6;3,6;34,3;1;1,5;23,6;96,1;0,4;1,5;16,1;127;2,7;4,8;30,5;71,8;1,5;0,5;20,2;62,4;1,8;0;6,4;39,3;1,8;0;8,5;31,3;3,2;0,7;5,8;26,8;3,2;0,7;4,4;17,8;4,4;0;1,4;14,6;;;;;;;;;;;;;;1,1;3,8;5,8;2,5;3;1,3;2,3;2,4;13,1;27,3;4,8;1;9;20,1;4,8;5,4;0,8;8;13,3;2,6;2,3;1,2;4;10;50,4;2,6
"Zambesidreef en omgeving";"Utrecht                                 ";"Buurt     ";"BU03440341";"1";0,3;4,3;12,4;29,3;6;0,3;1,6;1;7;13;5,9;0;5;10;;;;;;0,3;3,2;18;48;0,3;11,8;57,8;219,4;1,1;7,4;14,6;31,6;1,1;0,3;11,6;84,8;0,3;6;49,3;234,2;0,9;2,3;40,1;361,6;2,5;22,9;32;73,5;0,3;6,9;42,3;104,8;0,5;1;14,3;64,7;0,5;3,6;20,7;44,5;1,9;3,9;8,5;28,7;1,9;2,9;6;18,7;2,8;0,9;3,5;16,7;;;;;;;;;;;;;;1,8;2,5;4,4;0,9;1,3;2,1;3,4;6,4;13;27,7;3,2;6,4;9;20,4;3,2;3,8;4,7;8;13,5;0,6;0,3;2,1;4,2;10;50;2,9
"Tigrisdreef en omgeving";"Utrecht                                 ";"Buurt     ";"BU03440342";"1";0,8;1,4;9,7;25,8;6,6;0,9;2,3;1;6,6;12;6,5;0;5;9;;;;;;0,8;1,7;13,6;37,2;0,4;7,2;44,1;159,9;1,8;5,4;14;29,5;1,1;0,4;6,2;69,5;0,5;2;31,9;176,2;0,8;1,2;19;264,1;2,9;15;32;69,9;0,3;7,1;28,9;78,2;1;0,6;8,4;44,2;0,5;2,4;14,3;36,6;2,5;3;6,8;28;2,5;2;5,7;18;3,4;0;2,7;16;;;;;;;;;;;;;;1,6;3,2;5;1,6;1,9;1,6;2,9;3,5;13;27;3,9;4,4;9;19,3;3,9;4,4;3;8;13;1,3;0,9;1,5;4;9,9;49,4;2,8
"Poldergebied Overvecht";"Utrecht                                 ";"Buurt     ";"BU03440343";"1";0,9;0,9;12,4;30,5;5,5;1,1;1,6;1,5;6,2;13,3;5,3;0,5;5;9,8;;;;;;1;0,7;12,6;44,8;1;1,8;47,5;206,3;2,3;6,6;14,1;34,4;1,6;0;7,8;81,1;0,9;0,7;31,4;210,7;1,2;0,7;30,7;334,6;2,7;21,6;33,3;75;0,9;1,6;30,1;99,3;1;0,4;17,7;58,4;0,9;1;15,8;43,8;1,5;3,4;7,5;29,4;1,5;2,5;5,3;19,8;1,6;0,9;3,9;16,7;;;;;;;;;;;;;;0,8;2,4;4,8;2;1,4;3,5;3,7;6,5;13,5;29,5;3,2;5,7;10;22;3,6;3,7;4,5;8;13,9;1,9;1,8;3,4;4,5;10,9;47,3;2
"Wijk 04 Noordoost";"Utrecht                                 ";"Wijk      ";"WK034404  ";"1";0,5;2,7;21,2;42,8;3,1;0,7;2,1;3,1;6,9;13,5;3;2,1;5,3;9,6;;;;;;0,6;3;34,1;66,6;0,5;14,7;168,3;293;1,5;8,6;15,7;32,5;0,8;9;75;106,1;0,4;16,8;184,7;285,7;0,5;31,3;314,4;443;0,8;25,3;35,3;74,7;0,3;9,7;75,3;141,8;0,3;6,9;44,8;98,1;0,4;3,5;29,5;61,8;1;7,4;14,7;32,7;1;4,8;8,2;23;1,1;4,3;8,5;18,3;;;;;;;;;;;;;;1,6;1,4;2,6;1,2;2,3;4,6;1,8;10;13,5;30,6;1;8;11,1;21,5;1,7;1,5;6,1;8,6;14,2;1,5;1,5;3,9;4,7;10,9;47;1,7
"Vogelenbuurt";"Utrecht                                 ";"Buurt     ";"BU03440411";"1";0,2;4,4;26,7;43,4;2,9;0,4;2,3;2,1;7;13,8;2,8;1,1;5;9,8;;;;;;0,4;6,3;46,9;70,3;0,2;25,8;217,2;307,8;1,1;9,2;16,7;31,9;0,2;31,6;90,6;108,1;0,2;43,6;236,8;306,7;0,2;97,5;396;450,4;0,5;25;34,5;73,1;0,2;11,9;96,4;152,3;0,2;5,3;53,6;107,4;0,3;4,2;37,2;68,4;0,9;10;16;31,6;0,9;5,1;9;21,6;0,9;6;9,1;18,1;;;;;;;;;;;;;;2,1;1,5;1,7;0,7;2,3;4,2;0,9;10,1;13,8;30;0,6;8;11;20;0,6;0,7;6,7;8,6;14;0,9;0,9;3;5;11;48;2,4
"Lauwerecht";"Utrecht                                 ";"Buurt     ";"BU03440412";"1";0,7;3,3;26,9;42,3;3,4;0,8;2,3;2;7;12,3;3,3;1;5;9,2;;;;;;0,4;5,2;48,2;67,9;0,3;18,9;221,4;301,4;1,1;9;16,5;31,3;0,4;14,4;90,7;104,5;0,3;21,8;233,8;300,9;0,2;41;383;445,6;0,8;25;33,1;71,9;0,4;10,3;95,2;148,6;0,4;4,5;51,6;103,9;0,4;4;36,4;67,1;0,8;8,7;16,7;31;0,8;5,1;9,7;21;0,9;4,7;9,5;18;;;;;;;;;;;;;;2,6;1,4;1,7;0,9;1,7;3,7;1;10,1;14;29,2;0,6;8;9,5;20;0,6;1,1;6,8;8,1;14;1,5;1,2;2,6;5;11;49,1;2,5
"Staatsliedenbuurt";"Utrecht                                 ";"Buurt     ";"BU03440413";"1";0,6;2,4;26;42,2;3,6;0,7;1,8;2;7;13,5;3,5;1;5;9,9;;;;;;0,4;2,7;45,2;66,3;0,4;12,2;217,7;298,9;1,3;8,9;16;31,9;0,5;6,9;86,8;104,5;0,2;12,1;227,1;294,8;0,2;22,6;366,8;444,5;0,7;25;33,8;73,4;0,2;9,9;95,1;143,7;0,2;5,2;50,8;100,3;0,3;3,3;36,9;63,3;0,9;8;16;30,8;0,9;5;9;20,8;1,1;4;9;17,7;;;;;;;;;;;;;;2,4;1;2;0,7;1,6;3,5;1,3;10;14;29,9;0,9;8;10,8;20;0,9;1,4;6,2;8,1;14;1,6;1,3;2,9;5;11;49;2,4
"Tuinwijk-West";"Utrecht                                 ";"Buurt     ";"BU03440414";"1";0,3;2,5;25,9;42,2;3,4;0,4;1,6;2;7;14;3,3;1;5;10;;;;;;0,3;2,5;43,5;67,9;0,3;13,2;214,2;305,5;1,5;9,1;16,6;32,2;0,4;6,3;86,2;106;0,2;10,9;225,4;293,7;0,2;20,3;367,9;446,5;0,3;25;34,7;73,7;0,2;9,5;89,1;145,5;0,4;6,5;48,5;102,5;0,4;3,8;34,9;63,8;1,1;7,8;16;31,2;1,1;5;9;21,2;1,3;3,9;9;17,4;;;;;;;;;;;;;;2,2;0,8;2,2;0,4;1,8;3,7;1,4;9,9;14;29,7;1;8;11;20,1;1;1,2;6,1;8,8;13,9;1,5;1,4;3,2;5;11;48,3;2,2
"Tuinwijk-Oost";"Utrecht                                 ";"Buurt     ";"BU03440415";"1";0,3;3,7;25,7;43,9;3,1;0,3;2;2,1;7;14;3;1,1;5;10;;;;;;0,3;3,7;43,1;70,8;0,2;15,8;210,3;312,5;1,4;9,5;16,9;32,2;0,3;12,7;87,7;107,8;0,2;20,4;226,5;300,2;0,1;39,8;377,8;451,9;0,3;25,4;35,5;74,2;0,4;10,5;86,9;149,6;0,5;6,1;49;105,7;0,6;3,7;34,6;66,5;1,2;8,8;15,5;32,5;1,2;5;8,5;22,5;1,2;4,9;9;18,9;;;;;;;;;;;;;;2;1,2;2,1;0,4;2,2;4,2;1,3;10;13,9;29,7;1;8;11;21;1;1;6,1;9;14,3;1,1;1,3;3,3;5;11;47,3;1,9
"Tuindorp en Van Lieflandlaan-West";"Utrecht                                 ";"Buurt     ";"BU03440421";"1";0,6;1,7;19,7;39,8;3,8;0,6;1,6;2;6,5;13,5;3,7;1;5;9,5;;;;;;0,8;1,2;32,1;64,3;0,7;9,2;154,7;277,2;1,9;8,1;15,8;33,1;1;1,4;72,1;105,5;0,4;3,9;173,3;275,9;0,8;5,3;292,5;438,9;1;25;35;73,9;0,3;6,2;70,2;135,2;0,3;6,1;40,4;87,4;0,4;3,9;29,2;56,6;1;6;14,9;30;1;5;8,2;20;1,2;3;8,7;16,8;;;;;;;;;;;;;;1,7;0,6;3;1;2;4,1;2,2;9,8;14;29,8;1,6;8;11;21,4;1,9;1,9;6;8,6;13,3;1,9;1,9;3,8;5;11,2;46,9;1,7
"Tuindorp-Oost";"Utrecht                                 ";"Buurt     ";"BU03440422";"1";0,4;2,7;17,5;41,6;3,4;0,7;2,2;3;6,3;13,4;3,2;2;5,3;9,4;;;;;;0,4;1;23,9;65;0,4;9,4;113,2;276,6;2,1;8;14,5;34,2;1,6;0;63,7;107,2;0,4;3,7;136,8;271,1;0,6;1,5;253,6;440,5;1,3;25;36;75,6;0,8;2,2;59,4;131,4;0,4;4,4;40;86,9;0,5;2,8;23,7;55,6;0,7;6,3;12,8;32,6;0,7;5;7,3;23,4;0,7;3,3;7,5;17,9;;;;;;;;;;;;;;1,3;1,3;3,4;1,4;2,1;4,9;2,6;10;14;31,5;1,3;8;11,3;22,7;2,3;2,1;6;8;14,2;1,9;2,2;4,6;4,2;11;45,3;0,9
"Voordorp en Voorveldsepolder";"Utrecht                                 ";"Buurt     ";"BU03440423";"1";0,6;1,6;12,3;38,1;3,5;1,4;2,9;3,9;6,7;13;3,3;2,9;5,7;9;;;;;;1,1;0,3;12,8;56,2;1,1;2,7;65,7;257,1;2,8;7,9;13,6;33,3;2,3;0;25,3;100;1;0,5;58,6;254;1,3;0,2;101,4;416,3;1,5;24,6;36,3;76,5;0,4;2,5;44,4;118,1;0,4;2,9;32,9;76,8;0,5;1,5;17,8;50,3;1,5;2,7;11,1;33,4;1,5;2,2;6,8;24,4;1,5;2;6,5;18,9;;;;;;;;;;;;;;1,2;2,1;4,2;2,2;2,8;5,7;3;10;12,5;32,1;1,9;7,8;11,7;23,2;3,1;2,8;5,8;8;14,6;2,6;2,7;5,4;4;10,1;45;0,5
"Huizingalaan, K. Doormanlaan en omgeving";"Utrecht                                 ";"Buurt     ";"BU03440431";"1";0,7;1,3;18,4;43,7;2,7;1,2;2,5;4,6;6,9;13;2,5;3,6;5,9;9;;;;;;1,1;0,4;26,1;65,7;0,5;6,2;138;286,7;1,6;8;14,6;32,5;1,3;0;76,4;107,2;0,5;4,3;169,6;277,8;0,5;5,5;310,4;445,1;0,6;25,2;36;76,6;0,8;1,9;65,9;139,1;0,3;4,3;43,4;98,2;0,5;1,6;25,6;60;1,6;6,8;14;34,4;1,6;4,5;7,8;25,3;1,6;4,7;8,2;19;;;;;;;;;;;;;;1;2;3,1;1,5;2,9;5,1;2;10;12,7;32,2;1;8;11,9;22,2;2,4;1,7;6;8,3;14,7;1,5;1,6;4,8;4,2;10;46,1;1,2
"Zeeheldenbuurt, Hengeveldstraat e.o.";"Utrecht                                 ";"Buurt     ";"BU03440432";"1";0,5;1,9;19,6;45,5;2,4;0,9;2,2;4,6;6,8;13,4;2,3;3,6;5,7;9,4;;;;;;0,8;2,8;30,5;68,1;0,5;14,2;155,8;297,2;1,3;8,6;15,3;32,6;0,9;2,2;79,6;108;0,3;10,7;189,2;285;0,3;16,3;335,7;448,7;0,6;26,3;36,1;77;0,5;11,2;70,2;145,6;0,4;9,2;45,3;106,9;0,6;2,9;26,9;64,4;1,4;7,6;15;35;1,4;5;8;25,8;1,4;5,1;9;19,3;;;;;;;;;;;;;;1;2;2,7;1,5;2,7;5,2;1,7;10;12,7;31,7;0,6;8;11,6;22,2;2,2;1,4;6;8,7;14,5;1,1;1,3;4,6;4,5;10,6;47;1,4
"Wittevrouwen";"Utrecht                                 ";"Buurt     ";"BU03440433";"1";0,4;3,3;21,5;47,6;2,3;0,4;2,2;4,7;7,4;14;2,2;3,7;5,4;10;;;;;;0,4;5,3;35,7;71,1;0,2;24,9;192,3;313,9;0,8;9;16,2;31,9;0,4;15,8;86,6;108,1;0,2;35,7;211,7;295,8;0,1;62,7;364,8;452,7;0,4;26,4;36;75,6;0,2;20,3;78;153,7;0,2;13,6;46,9;110,9;0,3;4,7;29;67,8;0,9;9,3;15;36,1;0,9;5,9;8;26,3;0,9;5,8;9;19,5;;;;;;;;;;;;;;1,1;1,9;2,2;1,4;2,9;5,1;1,3;10;13;30,9;0,5;8;11,4;22,2;1,7;0,8;6;9,1;14,7;0,6;0,9;4,1;4,9;11;47;1,8
"Wijk 05 Oost";"Utrecht                                 ";"Wijk      ";"WK034405  ";"1";0,6;3,2;17,7;36,7;1,3;0,6;1;4,7;8,3;13,8;1;4;5,9;9,4;;;;;;0,5;3,6;27,8;60,6;0,4;16,6;138,4;272,9;1,6;7,9;15,8;32,1;0,5;6,6;70,4;104,3;0,3;18,5;166,1;272,4;0,4;28,3;290,8;426,1;1,3;26,7;37,9;71,5;0,4;11,2;62,1;128,3;0,6;5,7;47,7;97,3;0,6;2,9;21,3;57,3;1;5,9;14,2;36,8;1,3;3,7;8;26,7;1;4,7;9,2;21;;;;;;;;;;;;;;1,4;1,8;2,9;2;1,8;6,8;1;10;12,7;30,3;1,4;7,7;12,9;22;2,1;1,6;5,8;10,1;14,3;2;1;4,9;5,7;10,7;47;1,5
"Buiten Wittevrouwen";"Utrecht                                 ";"Buurt     ";"BU03440511";"1";0,4;3,5;22,3;47,1;1,7;0,4;1,6;5;7,6;14;1,6;4;5,5;10;;;;;;0,3;7,8;36,6;73,1;0,2;39,2;200,7;319,2;0,4;9,1;17,9;32,2;0,4;22,9;90;110,4;0,2;51,6;215,9;302,8;0,2;90,2;377,7;456,1;0,3;28,3;36,9;75,3;0,2;25,3;81,3;155;0,2;14,2;54,9;113,7;0,3;5,6;28,1;72,2;0,6;8,6;15,5;37,2;0,6;5,3;8,5;27;0,6;6,6;9,5;20,7;;;;;;;;;;;;;;1,1;1,8;1,9;1,3;2,4;5,6;0,8;10;12,9;30,9;0,5;8;12;22,2;1,8;0,8;6;10,1;15,1;0,6;0,4;4,1;5,7;11;47;2
"Oudwijk";"Utrecht                                 ";"Buurt     ";"BU03440512";"1";0,3;4,7;21,1;42,1;1;0,3;0,9;5;8,2;14;0,9;4;5,8;10;;;;;;0,3;4,8;34,6;69,6;0,2;25,2;172,8;304,5;0,9;9;17;31,5;0,4;4,4;84,5;109,5;0,2;22,9;200,9;297,5;0,2;29,7;354,9;452,1;0,8;28,1;38,7;73,3;0,2;17,4;70,4;144;0,3;9,2;57;107,9;0,5;3,9;25,4;67,1;0,8;6,5;16;36,7;1,1;4,5;9;26,7;0,8;5,5;10;20,7;;;;;;;;;;;;;;1,2;1,6;2,4;1,8;1,9;6,2;0,7;10;12,2;30,1;0,9;8;13,3;21,3;2;1,2;6;10,9;14,5;1,3;0,6;4,6;5,6;11;47;1,8
"Abstede, Tolsteegsingel e.o.";"Utrecht                                 ";"Buurt     ";"BU03440521";"1";0,4;5;20,6;36,7;0,6;0,4;0,5;5;9;13,6;0,5;4;6;9,4;;;;;;0,4;5,1;33,7;65,1;0,3;22,7;165,8;288;1,4;8,2;16,1;31,1;0,6;7,3;83,2;108,6;0,3;21;200,8;293,2;0,3;32,3;351,5;443,2;1,1;27,8;37,9;68;0,3;13;70,8;136,7;0,4;5,7;58;103,1;0,4;4;24,8;62,3;0,4;7,1;16;34,3;1,1;4,4;9;24,3;0,4;5,6;10;20,5;;;;;;;;;;;;;;1,8;1;2,3;1,7;2;6,6;0,6;10;12,9;28,6;1,2;8;13;20,3;1,3;0,8;6;10,4;13,9;1,7;0,6;4,8;6;11;47,6;1,3
"Sterrenwijk";"Utrecht                                 ";"Buurt     ";"BU03440522";"1";0,8;3,5;19,9;35,5;0,9;0,7;0,8;5;9;13;0,8;4;6;9;;;;;;0,6;5,3;34,1;63,1;0,6;17,6;161,3;284,1;1,7;8;15,6;30,1;0,6;6,5;81,7;106,1;0,3;16,1;197,3;292;0,5;24,6;346,8;440,1;1,4;28;36,3;66;0,6;7,9;72;134,7;0,6;3,9;58,4;102,3;0,6;2,4;25,2;61,1;0,6;8;16;33,4;1,3;5;9;23,4;0,6;6;10;20,3;;;;;;;;;;;;;;2,2;0,8;2,3;1,6;2,4;6,7;0,8;10;13,1;28,1;1,1;8;12,1;20,1;1,1;0,6;6;9,8;14;2;1;4,9;6;11;47,9;1,1
"Rubenslaan en omgeving";"Utrecht                                 ";"Buurt     ";"BU03440523";"1";0,6;3,9;19,3;33,9;0,5;0,6;0,6;4,4;9;13,9;0,6;4;6;9;;;;;;0,4;2,2;28,8;59,4;0,4;9,1;143,3;271,3;1,8;7,4;14,7;31;0,7;3;76,3;106,1;0,3;10,1;186,2;279,1;0,3;13,3;324,2;433,1;1,6;27,5;37,6;66,2;0,4;8,3;66,9;126;0,5;4,7;54,5;98,8;0,4;3;22,5;56,6;0,3;5,1;14,9;34,1;0,8;3,1;8,5;24,1;0,3;4,1;10;20,4;;;;;;;;;;;;;;1,6;1,3;2,7;1,9;1,8;7,1;1;10,2;13,1;29;1,4;8;13;20;1,4;1;6;10;13,8;2,2;0,8;5,3;6;11;47,7;1,4
"Watervogelbuurt";"Utrecht                                 ";"Buurt     ";"BU03440524";"1";0,6;2,2;21,8;35,7;1,2;0,5;1,3;4,7;9;13,7;1,3;3,8;6;9;;;;;;0,5;6,2;38,9;62,7;0,5;17,6;202,5;283,1;1,8;7,8;16,1;31,6;0,3;10,8;85,7;107,6;0,2;15,2;214,6;292,3;0,3;28,8;360,9;440,9;1,4;28;37;66,5;0,3;5,7;80,3;135,8;0,5;3,2;64,1;102,8;0,6;1,4;32;61,2;0,9;10;15,9;35,5;0,9;5,4;9;25,5;0,9;8;10;21,5;;;;;;;;;;;;;;1,8;0,5;2;1;2,5;6,6;0,7;10;14,9;29,1;0,5;8;12,6;21;0,5;0,4;6;10,9;14;2,2;1,2;4,6;6;10,4;48,2;0,5
"L. Napoleonplantsoen en omgeving";"Utrecht                                 ";"Buurt     ";"BU03440525";"1";0,9;1,1;17,6;33;0,8;0,9;1;4;9;14;1;4;6;9;;;;;;0,8;1,5;28;57,3;0,8;4,7;137;266,8;2,3;7,1;15,1;31,6;0,8;2,3;69,7;104,9;0,5;5,7;176,3;275,6;0,7;5,6;303,1;430,4;2;27,4;38,9;67,6;0,2;4,2;64,7;123,5;0,2;6,3;53,6;96,4;0,7;1,3;23,3;54,7;0,3;6;13,3;37,2;0,3;4;7,3;27,2;0,7;4,9;10;20,9;;;;;;;;;;;;;;1;1,3;2,7;1,7;1,9;7,3;1,4;11;13,5;29;1,3;8;13,9;20,6;1,3;1,1;6;10;13,9;2,6;1,1;5,3;6;10,9;48;1,3
"Maarschalkerweerd en Mereveld";"Utrecht                                 ";"Buurt     ";"BU03440526";"1";1,7;0,1;8,1;26;2,2;1,7;2,2;3,9;8,2;13,1;2,2;3,9;6,1;8,1;;;;;;2;0;9,7;39,9;1,3;0,3;39,1;191,5;3,4;6,3;14,6;32;1,1;0,3;16;84,7;1,3;0,2;39,5;214,2;1,4;0,2;61,4;354,4;2,7;23,1;37,3;66,1;1,4;0,5;23;87,1;0,7;3,5;22,4;72,6;1,9;0,1;8,3;34,5;1,4;3,7;9,2;38,1;1,4;1,8;5,6;28,7;2,1;2,7;7,2;20,8;;;;;;;;;;;;;;0,4;2,5;4,1;2,9;2,1;8,7;2,7;10,8;12,7;28,8;2,7;7,1;13,1;20,8;2,7;2,5;5,7;9,5;12,6;4;2,2;6;6;9,8;46,5;2,7
"Schildersbuurt";"Utrecht                                 ";"Buurt     ";"BU03440531";"1";0,3;5;18,3;33,7;0,8;0,4;0,5;4,8;8,3;14,3;0,5;4;6;9,6;;;;;;0,4;2;28,2;63,5;0,2;11,9;131,6;282,5;1,6;8,3;15,1;31,9;0,3;3,1;78;108,3;0,2;12,4;171,5;281,7;0,2;17,7;311,2;439,6;1,6;26,8;38,7;69;0,2;10,5;63,4;126,9;0,6;4,2;50,2;94,8;0,3;4;19,7;57,2;0,6;5,2;15,7;36,3;1;3,2;8,8;26,3;0,6;4,2;10;20,9;;;;;;;;;;;;;;1,3;1,8;3,1;2,4;1,2;7;1,2;10,1;13;29;1,7;8;13;20,6;2,1;1,6;6;10;13,5;2;0,5;5,3;6;10,8;47,7;2
"Wilhelminapark en omgeving";"Utrecht                                 ";"Buurt     ";"BU03440532";"1";0,3;3,8;19,8;39,2;1,1;0,6;0,9;5;8,1;13,2;0,9;4;6;9,2;;;;;;0,6;2,7;29,8;65,2;0,4;16,5;141,2;291,1;1,3;9;16;32,1;0,4;2,3;80,3;107,6;0,4;14,5;182,5;286,5;0,3;19,6;325,2;445,5;0,9;26,7;38,2;73,6;0,4;12,1;62,4;134,4;0,7;4;49,6;100,3;0,6;2,5;21,3;61,8;0,9;6,5;16;37,7;1,4;4,5;9;27,7;0,9;5,5;10;21;;;;;;;;;;;;;;1,1;2,1;2,9;2,3;1,5;6,5;1,3;10;12,1;31,1;1,2;8;13,5;22,2;2,4;1,7;6;10,1;14,4;1,6;0,8;5;5,6;10,3;47;2
"Utrecht Science Park";"Utrecht                                 ";"Buurt     ";"BU03440533";"1";0,6;1;3,9;22,8;3,3;0,5;0,5;4;7,9;13,9;0,5;4;5,9;9;;;;;;0,4;2;2,7;29,7;0,3;1,8;9,1;137;3,2;4,3;14,2;35;0,2;3;8,2;75,3;0,3;7,6;16,8;150,8;0,4;5,4;22,1;283,7;2,7;21,3;38,1;77;0,6;2;12;72,8;2;0;5,8;56,1;2,1;0;3,8;23,6;3,2;0;6;40;3,2;0;3;30;3,2;0;4,9;22;;;;;;;;;;;;;;1,1;3;5,5;2,7;1,6;8,9;0,9;9,3;12;33,1;3,8;4,8;12;27;4,4;4,1;4,4;9;15;4,3;3,1;4,7;4,9;10;46;0,7
"Rijnsweerd";"Utrecht                                 ";"Buurt     ";"BU03440534";"1";1,4;0,2;11,7;34,2;2;1,5;1,6;4,3;7,9;13,7;1,6;4;6,1;9;;;;;;1,4;0,1;14,8;51,9;1,2;0,5;68,7;255;2,3;7,3;14,3;32,8;1,1;0,5;41,2;101,9;1;1,9;93,7;249,5;0,9;3,1;161,5;419,4;1,6;25;37,7;73,9;0,7;1,6;45,4;112,2;0,7;0,7;33,2;89,9;0,7;0,9;13,6;47,3;1,8;4,1;11,5;38,5;2;2,1;7,2;28,6;1,8;3,1;8;22;;;;;;;;;;;;;;1,4;3;3,9;3,2;1,1;7,3;1,6;10;12;32,3;2,1;8;13,5;24;3,2;2,6;6;9,2;14,7;2,5;1,7;5,8;5,7;10;45,1;1,1
"Galgenwaard en omgeving";"Utrecht                                 ";"Buurt     ";"BU03440535";"1";0,9;1;13;31,2;1,4;1,1;1,2;4;7,8;14;1,2;4;5,8;9;;;;;;1,1;0,2;18,6;50,6;0,7;1,5;83,1;246,6;2,1;6,8;15;32,1;0,7;1,1;58;103,4;0,7;4,1;121;257;0,6;7,6;219,9;418,2;2;24,7;37,2;69,6;0,5;3,5;51;112,8;0,8;1,2;35,3;89,8;0,8;1,9;13,3;47,3;1,3;4,2;13,9;37,2;1,5;2,2;7,9;27,2;1,3;3,2;10;21,1;;;;;;;;;;;;;;1,7;2,5;3,6;2,9;0,8;7,4;1,9;10,1;12,2;29,1;2,1;8;13,7;21,1;2,7;2,3;6;10;14;2,5;1,2;5,8;6;10,1;45,4;2,1
"Wijk 06 Binnenstad";"Utrecht                                 ";"Wijk      ";"WK034406  ";"1";0,4;3,1;24,1;43,3;2,1;0,6;2;3;7,7;13,2;2;2;5,6;9,3;;;;;;0,4;8,6;44,4;72;0,2;47;217,4;309,6;0,7;8,9;17,8;31,1;0,2;36,7;93,8;109,1;0,2;75,8;233,6;308,9;0,1;151,5;396,7;453,9;0,4;27,5;36,2;69,6;0,3;13,5;92,9;151,1;0,4;7,2;61,7;110,4;0,5;3,5;33,2;70,5;0,7;10,6;16,7;34,2;0,8;5,5;9,7;23,7;0,8;7,3;10,2;19,9;;;;;;;;;;;;;;2,2;1;1,2;0,9;2,9;5,4;0,5;9,9;13,3;29,2;0,6;8;11,6;20,2;1,1;0,4;6,5;9,9;14,1;1,2;0,7;3,5;5,8;10,8;48;1,8
"Domplein, Neude, Janskerkhof";"Utrecht                                 ";"Buurt     ";"BU03440611";"1";0,4;3,7;24,9;44,4;2,1;0,6;2,1;3;7,2;13,6;2,1;2;5,2;9,6;;;;;;0,2;10,8;46;74,4;0,1;62;220,3;316,5;0,5;9,3;18,2;31,6;0,1;55,2;96,9;110,7;0,1;110,1;235,1;312,2;0;220,8;403,3;459,8;0,1;26,8;36,7;72,2;0,2;17,4;96;156,2;0,4;10;61,6;112,5;0,4;4,8;35,1;72,8;0,5;11;16,6;34,1;0,5;6,2;9,6;23,8;0,5;7,3;10,2;19,9;;;;;;;;;;;;;;1,9;1,1;1,1;0,5;3;5,2;0,3;10;13;29,9;0,3;8;11,8;20,1;1,2;0,3;6,7;10,1;14,1;0,7;0,4;3,3;5,3;11;47,4;2,1
"Lange Elisabethstraat, Mariaplaats e.o.";"Utrecht                                 ";"Buurt     ";"BU03440612";"1";0,6;2,5;24,3;43,4;2,3;0,5;2,2;2,6;7,8;13;2,2;1,6;5,8;9;;;;;;0,2;8,2;45,1;72,2;0,1;57,9;217,4;311,2;0,3;9;17,6;31;0,1;51;96,9;109,1;0,1;112,2;234,9;310,2;0;216,4;403,9;453,4;0,2;27,2;36;68,5;0,2;11,9;94,5;152,8;0,2;5,6;62,9;111;0,6;3,7;33,5;71,9;0,8;9,9;16,9;33,2;0,8;5,1;9,9;22,5;0,8;6,8;10,5;19,7;;;;;;;;;;;;;;2,2;0,8;0,8;0,3;3,2;5,2;0,2;10;13;29,4;0,5;8;12,3;20;1,2;0,3;6,9;9,3;14;1,1;0,6;3,3;5,6;11;47,5;1,9
"Hoog-Catharijne NS en Jaarbeurs";"Utrecht                                 ";"Buurt     ";"BU03440613";"1";0,9;1;21,6;42,6;2,9;0,8;2,9;2,7;7,8;13;2,9;1,7;5,8;9;;;;;;0,4;5,4;46,6;69,6;0,2;35,7;222,8;307,7;1;9;17,1;30,3;0,3;12,5;93,9;105,8;0,3;35,2;235,5;307;0,1;65,8;388,1;451,8;0,5;27,9;35,1;65,7;0,7;3,8;91,3;154;0,8;2,1;58,5;112,1;0,8;1;35;72,7;0,9;9,9;18,8;32;1;4,5;11,8;22,4;0,9;7,4;11,7;18,7;;;;;;;;;;;;;;2,8;1;1,1;1,5;2,5;5,3;1,3;9,1;13,2;27,6;0,5;8;10,4;20;1,3;0,4;7;9,3;14;2,1;0,7;3,2;5,1;10,2;51,1;1,8
"Wijk C";"Utrecht                                 ";"Buurt     ";"BU03440621";"1";0,4;3,1;24,2;44;2,9;0,5;2,8;2,7;7;12,5;2,8;1,7;5;9;;;;;;0,3;11;47,2;72,8;0,2;61;224,7;313;0,3;9;17;31;0,1;45,7;95,4;107;0,1;96,3;249,2;313,3;0,1;183,7;409,1;451,8;0,3;26,9;34,2;69,3;0,5;7;103,1;159,1;0,5;3,2;64,6;114,1;0,5;2,7;39;74,2;0,4;12,4;19;33,1;0,4;5,9;12;23,1;0,4;8,4;11;18,9;;;;;;;;;;;;;;2,3;0,9;0,9;0,9;2,5;4,5;0,2;9,9;13;29,5;0,4;8;10,6;20;0,5;0,4;7;9,1;14;1,1;0,5;2,7;5;11;50,3;2,5
"Breedstraat en Plompetorengracht e.o.";"Utrecht                                 ";"Buurt     ";"BU03440622";"1";0,3;4,7;25,1;44,9;2,4;0,4;2,3;2,9;7;13,6;2,3;1,9;5;9,6;;;;;;0,2;11;47,5;74,8;0,2;57,2;222,3;319,9;0,5;9,4;18;31,8;0,1;53,2;95,3;109,9;0,1;103,6;239,8;312,8;0,1;205,6;406,4;460,5;0,2;26,2;35,5;73,3;0,3;16,4;96,9;158,4;0,4;8,6;56;113,8;0,4;5,1;35,3;74;0,6;12,4;16,6;34;0,6;6,7;9,6;24;0,6;7,7;9,7;19,3;;;;;;;;;;;;;;1,8;1,2;1,2;0,8;2,8;4,7;0,4;10;13;30;0,3;8;11;20,4;0,9;0,2;6,8;9,9;14,3;0,5;0,4;3,2;5;11;47,7;2,5
"Nobelstraat en omgeving";"Utrecht                                 ";"Buurt     ";"BU03440623";"1";0,2;3,8;24,1;45;1,9;0,6;1,8;3,5;7;14;1,8;2,5;5;10;;;;;;0,4;10,6;44,9;76,4;0,1;62,5;216,3;326,7;0,3;10;18;32;0,1;55;96,7;110,9;0,1;103,4;231,1;315,2;0,1;215,6;399,8;467,5;0,2;28,1;36,7;74,9;0,2;28,2;95,9;158;0,3;15,3;59,2;113,1;0,3;5,5;34,8;73,2;0,2;11,1;15,9;35,6;0,2;6,5;8,9;25,6;0,2;7;9,9;21,3;;;;;;;;;;;;;;1,5;1,4;1,4;0,8;2,7;5,2;0,5;10;13;30;0,2;8;11,2;21;1,3;0,3;6,4;10;15;0,3;0,5;3,5;5,2;11;47;2,3
"Springweg en omgeving Geertebuurt";"Utrecht                                 ";"Buurt     ";"BU03440624";"1";0,3;2,2;24,3;42,8;1,8;0,5;1,7;3;8,2;13;1,7;2;6;9;;;;;;0,4;7,1;42,5;70,5;0,2;39,7;209,7;302,6;0,8;8,7;17,8;30,9;0,1;25,5;92,4;108,6;0,2;59,6;229,6;307,3;0,1;123,9;391,1;449,9;0,5;28,1;36,3;67,6;0,2;11,5;90,3;144,2;0,2;6,1;63,8;107,4;0,6;2,8;30,6;67,1;1,1;10;16;34,4;1,1;5;9;23,4;1,1;7;10;20,5;;;;;;;;;;;;;;2,4;0,8;1,2;0,9;3,1;5,7;0,4;10;13,3;28,8;0,9;8;11,9;20,1;1,2;0,3;6,1;10;14;1,5;1,1;3,7;6,5;11;47,3;1,3
"Lange Nieuwstraat en omgeving";"Utrecht                                 ";"Buurt     ";"BU03440625";"1";0,5;3,1;23,6;42,6;1,5;0,4;1,4;3,3;8,2;13;1,4;2,3;6;9;;;;;;0,3;6,5;39,9;69,5;0,2;32,8;209,6;299,6;1;8,1;17,4;30,5;0,1;26,3;89,3;109,5;0,1;50,3;224,2;302,6;0,1;107,9;385,9;446;0,5;28,4;36,9;67,6;0,2;12,6;87,6;144,1;0,3;6,3;63,9;107,6;0,4;3,1;29,4;67,2;1;9,4;16;34,5;1;4,9;9;23,6;1;6,9;10;20;;;;;;;;;;;;;;2,2;0,8;1,4;1;2,8;5,9;0,2;10;13,5;28,5;0,9;8;12,7;20,2;1,2;0,4;6;10,2;14;1,4;1,1;4;6,7;11;47,4;1,2
"Nieuwegracht-Oost";"Utrecht                                 ";"Buurt     ";"BU03440626";"1";0,6;3;24,2;44;1,6;0,8;1,5;3,3;7,9;13,7;1,5;2,3;5,9;9,7;;;;;;0,6;9,9;40;73,5;0,3;51,7;212,1;310,7;0,7;8,6;18,8;31,4;0,4;39;91,2;111;0,4;75,9;223;305,1;0,2;152,7;387,8;453,2;0,4;28;38;71,2;0,2;19,6;85,6;150,7;0,2;11,8;61,9;109,3;0,3;5,2;29,6;68,8;0,6;8,3;16;34,5;0,6;4,6;9;23,5;0,6;6,4;10;20,2;;;;;;;;;;;;;;1,8;1,3;1,5;0,9;2,7;5,7;0,4;10;13;29,3;0,6;8;13;20,3;1,6;0,8;6;10,7;14,1;0,9;0,6;3,9;6;11;47;1,7
"Bleekstraat en omgeving";"Utrecht                                 ";"Buurt     ";"BU03440627";"1";0,1;4,4;23,1;38,6;1,4;0,4;1,4;3,2;9;13;1,4;2,2;6;9;;;;;;0,2;6;42,7;65,1;0,4;20,8;226,8;292;1,3;8;16,7;31,5;0,3;11,6;88,5;108;0,2;20,4;232,4;298;0,1;40,1;386,4;443,4;1;28,6;36,3;67;0,2;11,8;87,8;139,6;0,3;5,1;66,6;105,5;0,5;2,1;34,4;64,4;0,6;10,8;16;36,9;0,6;5;9;26;0,6;8;10;22;;;;;;;;;;;;;;2,2;0,2;1,5;1,2;2,7;6,2;0,6;10;16;29,8;0,5;8;11,3;21;0,5;0,3;6;10,3;14;2,1;0,9;4,2;6,9;10,6;49,4;0,6
"Hooch Boulandt";"Utrecht                                 ";"Buurt     ";"BU03440628";"1";0,3;2,3;24,4;40,9;1,9;0,7;1,9;2,9;8,1;13;1,9;1,9;6;9;;;;;;0,6;6,6;44,6;69,6;0,7;28,4;217,1;301,1;0,9;8,9;18;31;0,5;14,7;93,1;108,5;0,5;35,8;234,4;309;0,2;70,1;393,8;452;0,6;28;36;67;0,3;10,6;90,9;142,3;0,5;5,6;63,7;106,7;0,6;1,7;31;66,7;1,1;11;16;35,2;1,1;5;9;24,2;1,1;8;10;20,7;;;;;;;;;;;;;;2,6;0,7;1;1,2;3,2;5,7;0,7;10;13,7;28,5;0,9;8;11;20;1;0,6;6,3;10;14;1,9;1,3;3,7;6,9;10,3;47,7;1,1
"Wijk 07 Zuid";"Utrecht                                 ";"Wijk      ";"WK034407  ";"1";0,7;1,8;11,9;25,8;2,8;0,6;2,9;1,2;8,9;13,5;2,9;1,2;6;8,5;;;;;;0,5;2,5;19,3;47,7;0,4;9,3;78,2;225,6;3,1;6,2;13,7;29,1;0,9;1,7;26,3;89,9;0,4;4,8;75,7;238,2;0,6;4,8;108,7;379,5;2,3;24,1;34,8;60,3;0,5;4,6;35,4;95,6;0,4;6,2;36,9;79,4;0,6;3;18,3;41,4;1,5;5,2;11,6;31,7;1,5;3,4;6,1;22,7;1,5;3,9;8,7;17,8;;;;;;;;;;;;;;1,8;1,4;3,5;0,8;3,7;8,3;2,6;9,7;15,1;25,8;1,8;7,3;11,2;19;1,8;2,3;5,8;9,2;12,9;4;2;6,2;6,2;10;48,9;1,7
"Lunetten-Noord";"Utrecht                                 ";"Buurt     ";"BU03440711";"1";0,4;2,1;10,2;22,9;2,9;0,4;2,8;1,1;8,9;13,2;2,8;1,1;6;8,2;;;;;;0,4;2,2;14,5;45,1;0,4;7,6;49,6;215,1;3,6;6;13;28,2;0,9;0,7;14,1;88,9;0,4;3,3;39,1;231,2;0,4;4,5;47,8;370,8;2,8;24;34;58,8;0,4;4,2;26,6;85,1;0,5;8,2;32,6;71,5;0,8;2,3;14,5;35,3;1;4,3;11,4;31;1;3;6;22;1;3,3;8,9;17,2;;;;;;;;;;;;;;1,8;0,7;3,9;0,5;3,6;8,6;2,9;10,7;15;25,8;2,1;7,7;11;18,9;2,1;2,6;6;9;12,6;4,4;2,6;6,5;6,1;10;48,1;2
"Lunetten-Zuid";"Utrecht                                 ";"Buurt     ";"BU03440712";"1";0,7;1,6;6,1;19,7;3,4;0,7;3,4;1;8,6;13;3,4;1;6;8;;;;;;0,7;1,7;9,1;36,5;0,7;5,7;32;177,8;3,8;5,7;13;27,7;1,3;0,2;8,4;69,3;0,4;3,1;22,8;195,6;0,6;3,2;23,2;308,4;2,9;19,4;34;57,5;0,6;3,3;17,4;70,1;0,4;6,6;25,3;61,9;0,5;3;11,2;31,8;1,4;2,3;9,8;30,1;1,4;2,2;5,3;21,2;1,4;1,4;7,7;16,9;;;;;;;;;;;;;;1,9;1;4,4;0,7;4,1;9,1;3,4;9,4;14,4;24,6;2,6;5,8;11;17;2,6;3,1;5,4;9;12;4,9;2,8;6,9;5,6;10;48;2,5
"Tolsteeg en Rotsoord";"Utrecht                                 ";"Buurt     ";"BU03440721";"1";0,8;2,3;18,6;31,9;1,9;0,4;2,1;1,8;9;14;2,1;1,8;6;9;;;;;;0,3;4,4;33,9;57,2;0,3;15,2;160,7;263,1;2,3;7;14,7;30,4;0,4;5,5;64,5;105,1;0,3;9;180,7;273,8;0,4;11,8;292,3;429;2;27;35,4;64,5;0,6;5,7;62,4;121,5;0,6;4,8;54,8;96,7;0,7;2,2;26,8;53,2;1,2;9,1;12,6;32,9;1,2;5,1;6,6;23,8;1,2;7,1;9,4;18,9;;;;;;;;;;;;;;2,1;1,2;2,4;0,4;3,2;7,2;1,5;10;15;26,6;0,7;8;11,2;21;0,7;1,1;6;10;14;2,9;1,3;5,2;6,1;10;48,4;0,5
"Oud Hoograven-Noord";"Utrecht                                 ";"Buurt     ";"BU03440722";"1";0,4;2,6;16,8;31,5;2,3;0,4;2,4;1,1;9;14;2,4;1,1;6;9;;;;;;0,4;4,6;28,8;57,2;0,2;17,1;136,5;260,6;2,5;6,9;14,8;30,8;0,3;4;44;104;0,2;8,7;144,9;270,1;0,2;7,2;215,7;425,3;1,8;27;35,9;63,4;0,3;6,6;52,2;117,2;0,3;7,3;48,7;94,4;0,5;4,8;25,8;50,6;1,4;8,7;12,7;33,4;1,4;4,6;6,7;24,4;1,4;6,7;9;18,6;;;;;;;;;;;;;;1,8;1,4;2,7;0,5;3,6;7,5;1,8;9,7;15,9;27;1;8;11,4;21;1;1,5;6;9,4;14;3,3;1,3;5,5;6,9;10;50,1;0,8
"Oud Hoograven-Zuid";"Utrecht                                 ";"Buurt     ";"BU03440723";"1";0,9;1,3;11,5;27;3,2;0,7;3,3;1;9;13,5;3,3;1;6;8,5;;;;;;0,6;0,9;18,7;48,9;0,5;5,6;63,7;238,5;2,6;6;14;29,2;1,2;0,5;19,2;94,3;0,6;2,7;51,6;245,7;0,9;1,7;62,4;400,6;1,7;24,8;35,3;59,6;0,6;4,3;33;101,4;0,4;5,4;33;86;0,5;3,2;19,4;44,3;2,1;4,8;12,8;32,3;2,1;2,9;6,8;23,4;2,1;3,7;9;18,3;;;;;;;;;;;;;;1,8;2,3;3,5;1,4;3,8;8,3;2,7;9;15,9;26,1;1,9;7,7;11,6;18,4;1,9;2,3;6;9;12,8;4,2;1,6;6,3;6,5;10;50,5;1,7
"Bokkenbuurt";"Utrecht                                 ";"Buurt     ";"BU03440731";"1";1,2;0;15,7;31,5;2;0,8;2;2,1;9;14;2;2,1;6;9;;;;;;0,7;2,6;24,1;56,9;0,7;7,8;119,8;260,6;2,7;6,9;14,2;30;0,9;1,8;44,3;103,7;0,7;2,8;132,7;271,7;0,8;2,8;216,9;426,5;2,3;27,7;36;64,4;1;0,6;51;116,3;0,5;3;48,5;90,7;0,9;0,7;22,2;49,2;1,2;6,9;12;33;1,2;4,5;6;24;1,5;5,1;9;19;;;;;;;;;;;;;;1,8;1,4;2,7;0,8;2,8;7,5;1,8;10,3;15;26;1;8;12,6;20,2;1;1,4;6;10;14;3,2;1,7;5,5;6;10;48;0,8
"Nieuw Hoograven-Noord";"Utrecht                                 ";"Buurt     ";"BU03440732";"1";0,3;2,1;15,4;30;2,6;0,3;2,7;1;9;14;2,7;1;6;9;;;;;;0,3;3,7;22,6;55,4;0,3;13,7;86,8;252,2;2,7;6,3;13,9;30,2;0,7;2;29,8;101;0,3;6,2;82;262,3;0,4;4,6;119,1;421,2;1,9;27;35,5;60,6;0,3;6,5;45,3;110,5;0,2;5,5;44,1;89,3;0,3;3,9;22,3;46,8;1,8;6,9;12,7;33;1,8;4;6,7;24;1,8;4,9;9;18,2;;;;;;;;;;;;;;1,4;1,7;3,1;0,8;3,6;7,8;2,1;9,8;15,8;26,9;1,3;8;11,3;20,6;1,3;1,8;6;9;13,8;3,6;1,6;5,8;6,8;10;50,3;1,2
"Nieuw Hoograven-Zuid";"Utrecht                                 ";"Buurt     ";"BU03440733";"1";0,9;1,2;10,7;25;3,2;0,7;3,2;1;9;13,2;3,2;1;6;8,2;;;;;;0,7;1;17,7;46,7;0,3;5;55;227,1;2,9;6;13,5;28,9;1,4;0,2;16,3;89,8;0,7;2,4;45,4;235,2;1;1,1;51,8;384,2;2,1;24,4;34,5;59,5;0,4;4,3;28,8;93,4;0,5;5;29,6;77,8;0,4;3,5;16,6;39,4;2,3;3,3;12,2;31,3;2,3;2,7;6,3;22,3;2,3;2,5;9;17,6;;;;;;;;;;;;;;1,7;2,1;3,8;1,5;4;8,5;2,8;9,2;15,5;25,3;2;7,5;11,1;18,5;2;2,5;6;9;12,5;4,3;1,9;6,5;6,2;10;49,4;1,9
"Wijk 08 Zuidwest";"Utrecht                                 ";"Wijk      ";"WK034408  ";"1";0,6;1,8;13,5;31,8;3,4;0,6;3,4;1,2;8,5;12,7;3,4;1,2;6;8,7;;;;;;0,5;3,4;27,7;57,5;0,3;14,2;128;263,6;1,3;7,5;16,6;29,2;0,7;2;36,6;101,9;0,3;9,5;110,9;274,4;0,4;7,2;163,8;427,2;1,3;25,1;35,5;60,7;0,4;5,1;49,2;125,3;0,4;4,3;41,9;97,9;0,4;3,5;24,9;56,3;1;7,4;14;32,5;1,1;3,1;8;23,5;1;5,4;9,7;18,5;;;;;;;;;;;;;;1,8;2,1;2,9;1;2,1;6,9;2,6;9,2;15,8;25,9;1,8;7,6;11,4;18,9;2;2,1;6,5;10;13,2;3,9;0,7;4,5;6,3;10;51,6;2,1
"Dichterswijk";"Utrecht                                 ";"Buurt     ";"BU03440811";"1";0,4;3,2;21,3;34,3;2,4;0,5;2,3;1,4;8;13;2,3;1,1;6;9;;;;;;0,3;3,6;44,1;63,2;0,2;11,7;212,1;288,7;1,8;8,9;17,1;30;0,5;3,4;84,5;106,8;0,6;9,2;218;300,7;0,2;18,7;359,5;446,7;1,3;27,4;35,2;64,4;0,3;6,4;77,5;138,7;0,3;6,6;60,5;106,3;0,4;2,2;33,7;64,3;0,5;11;14,9;32,5;0,5;5;8,6;22,5;0,5;8;10;18,5;;;;;;;;;;;;;;2,7;1,1;2;1,6;2,6;6,2;1,6;9,5;15,3;26,6;0,8;8;11;20,3;1;1;6,6;10;14;2,9;0,6;4,1;6,7;10;51;1,2
"Rivierenwijk";"Utrecht                                 ";"Buurt     ";"BU03440812";"1";0,5;2,7;17,9;32,1;2,4;0,4;2,5;1,2;8,9;13,7;2,5;1,2;6;9;;;;;;0,4;4,4;34,5;57,1;0,2;16,1;170,9;263,8;1,9;7;16,3;30,7;0,6;4,1;56,5;105,4;0,2;11,2;166,2;274,6;0,4;11,8;260,6;430,1;1,6;26,9;35,8;63,3;0,3;7,7;60,6;124,4;0,2;8,3;52,9;99,2;0,3;3,6;28,8;54,5;0,8;9,7;13,2;33,6;0,8;4,4;7,2;24,5;0,8;7,2;9,1;18,9;;;;;;;;;;;;;;1,9;1,2;2,5;0,9;3,1;7,1;1,7;9,5;15,8;27,1;1;8;11,4;20,8;1;1,4;6;9,9;13,9;3,2;0,7;5;6,8;10;50,9;1
"Bedrijvengebied Kanaleneiland";"Utrecht                                 ";"Buurt     ";"BU03440821";"1";1,3;0;10,3;29,5;3,6;1,2;3,7;1;9;13;3,7;1;6;8;;;;;;1;1,2;18,2;53;0,4;2,6;69,8;247,3;1,8;5,8;15,9;28,9;0,9;0,4;14,4;93,8;0,7;4,4;49,2;244,1;0,7;1,7;55;402,1;0,6;23,2;35,9;59,4;0,6;2;30,7;106,9;1,1;0,6;32,3;95,2;0,6;1,9;19,5;48,8;1,9;3,8;13,8;32;2;1,9;7,9;24;1,9;2,9;9,9;18;;;;;;;;;;;;;;0,6;2,5;3,7;1,7;3;8,1;3;8,8;16;25;2,2;7,4;12;17,9;2,2;2,7;5,9;10;12;4,5;0,9;5,5;6;10;52;2,1
"Transwijk-Zuid";"Utrecht                                 ";"Buurt     ";"BU03440822";"1";1,2;0,5;11;30,5;3,5;1,2;3,5;1;8,7;13;3,5;1;6;8,5;;;;;;0,9;0,8;22,8;55,5;0,7;4;94;255,3;1,3;6,8;16,1;29,3;1,1;0,2;19,9;101,5;0,2;4,5;63,7;263,3;0,9;1;85,4;422,5;1,4;24,9;36;59,2;0,6;2,5;39,8;120,1;1;1,2;35,8;96,1;0,8;1,6;22,1;51,7;1,3;5,8;13,7;32,3;1,4;2;7,7;23,7;1,4;4,3;9,4;18,5;;;;;;;;;;;;;;1,5;2,3;3,4;1,4;2,5;7,5;2,8;9;16;25,7;2,2;7,5;11,8;18,4;2,2;2,4;6,5;10;12,5;4,3;0,4;4,9;6,1;10;51,3;2,2
"Transwijk-Noord";"Utrecht                                 ";"Buurt     ";"BU03440823";"1";0,8;1;11,7;34,4;3,6;0,8;3,6;1,5;8;12;3,6;1,5;6;9;;;;;;0,8;1,7;30,5;60,8;0,4;13,4;136,7;276,4;0,7;8,2;17,1;28,6;1,2;0,2;39,1;103,4;0,3;9,2;115,1;291,6;0,4;3,7;168,2;445,1;1;25,7;35,1;59,6;0,3;3,3;48,1;141,8;0,3;3,6;38,2;103,9;0,3;1,8;24,8;63,3;0,3;7;15,5;32,5;0,6;2,9;9,5;22,7;0,3;5;10,6;19;;;;;;;;;;;;;;1,7;2,2;2,6;1;1,2;6,3;2,7;9;15,9;25,2;1,8;8;11;18,7;2,3;2;7;10;13,9;3,6;0,7;3,8;5,8;10;52,4;2,4
"Kanaleneiland-Zuid";"Utrecht                                 ";"Buurt     ";"BU03440831";"1";0,5;1,4;9,9;29;4;0,5;4,1;1;8,9;12,6;4,1;1;6;8;;;;;;0,3;5,1;17,5;52,7;0,3;12,8;72,3;244;1;6,8;16,2;28,7;0,3;1,9;11,5;95,3;0,3;9,3;46,6;250;0,5;2,6;51,3;399;1,4;22,3;36;58,5;0,3;5,2;34,9;106,8;0,6;1,5;32,3;91,4;0,3;4,9;20,6;50,1;1,6;5;13,7;32;1,8;2;7,7;23,8;1,6;3,7;9,4;18;;;;;;;;;;;;;;1,4;2,8;3,9;0,7;2;7,3;3,3;8,9;16;25,3;2,7;7;11,9;17,4;2,7;3;6,4;10;12;4,8;0,9;4,8;6,2;10;51,8;2,7
"Kanaleneiland-Noord";"Utrecht                                 ";"Buurt     ";"BU03440832";"1";0,6;1,3;8,9;32,6;4,2;0,6;4,2;1,2;8;11,8;4,2;1,2;6;8,8;;;;;;0,6;2,2;21,1;59,2;0,2;20,6;95,1;266,8;0,7;8;17,4;27,8;1;0,4;14,9;101,7;0,2;10,2;64,4;282,4;0,3;3,6;76,7;438,4;1;24,8;34,8;59;0,5;2,9;37,8;134,1;0,4;3;31,8;95,8;0,5;4,2;20,3;58,9;0,9;6,2;14,2;31,8;1,3;2,2;8,2;22,8;0,9;4,2;9,9;18,3;;;;;;;;;;;;;;1,8;2,8;3,1;0,8;1;6,5;3,3;9;15,9;25,1;2,4;7,4;11,1;17,6;2,8;2,6;7;9,9;13,3;4,1;0,8;3,9;5,7;10;52,2;3
"Wijk 09 Leidsche Rijn";"Utrecht                                 ";"Wijk      ";"WK034409  ";"1";0,8;1;6,4;21,7;2,1;0,9;2,1;2;4,7;11,3;2,1;1;2,7;8;;;;;;0,9;1,5;8,2;32,2;0,8;3;20,6;116;1,6;5,3;13,8;27,4;1,8;0,1;3,2;23,2;0,8;2,7;23,6;104,9;0,8;2,9;26,6;131,9;3,6;4,6;30,8;59,9;0,5;4,7;28;85,5;0,5;3,6;27;76,9;0,6;2,9;15,6;42,2;1,2;2,9;7,9;25,8;1,2;2,9;5;17,8;1,2;2;5,3;14,6;;;;;;;;;;;;;;2,3;1,3;5,2;1;2,8;6,7;5,3;0,4;12,9;24,9;1,9;2;9,3;16,2;5,5;2;2,6;8,5;12,1;6,3;1,7;2,1;4;10;57,8;1,4
"Bedrijventerrein De Wetering";"Utrecht                                 ";"Buurt     ";"BU03440911";"1";;;;;;;;;;;;;;;;;;;;;;;;;;;;;;;;;;;;;;;;;;;;;;;;;;;;;;;;;;;;;;;;;;;;;;;;;;;;;;;;;;;;;;;;;;;;;;;;;;;;;;;;;;;;;;
"Terwijde-West";"Utrecht                                 ";"Buurt     ";"BU03440912";"1";1;0,3;5,7;18,9;2,6;1;2,6;1,9;4;11,7;2,6;1;2;8;;;;;;1,2;1,2;7,1;22,9;1,2;1,5;16,1;63,3;2,4;4;13,4;26,5;2,6;0;1,8;11,4;1,2;0,6;21,4;57,4;1,2;0,6;21,6;73;3,3;1;30,4;59,9;0,6;2,7;20,5;67,2;0,6;3,3;22,3;69,5;0,7;1,6;10,9;33,2;2,1;1,9;5,8;23,3;2,1;1,9;4,5;15,3;2,1;1,6;3,5;13;;;;;;;;;;;;;;2,2;1,1;6,2;0,9;3,1;7,5;5,6;0;12,9;24,1;2,6;1;9;16;6,4;2,9;2;8;12;7,3;1,4;2,6;4;10;57,9;2,1
"Terwijde-Oost";"Utrecht                                 ";"Buurt     ";"BU03440913";"1";1;0,5;4,6;22,2;1,4;0,9;1,4;2;4,3;11,2;1,4;1;2,3;8;;;;;;0,7;3,8;7,6;33,9;0,6;5,4;17,2;115,7;1,5;5,3;13,1;27,4;2,5;0;2,5;23,4;0,5;4,4;22,6;104;0,7;3,3;24,3;132,7;3,8;4,7;30,1;62,6;0,4;4,2;24,3;89,9;0,5;2,9;24,5;78,3;0,5;2,9;13,2;42,4;0,9;3;7,2;24,6;0,9;3;4,7;16,6;0,9;2;4,7;13,8;;;;;;;;;;;;;;2,1;0,8;5,1;1;3,3;6,5;5,3;0,3;13;25;2,3;2;9;16,3;5,3;2,2;2,7;8;12;6,2;0,5;1,4;4;10;58;1
"Het Zand-West";"Utrecht                                 ";"Buurt     ";"BU03440921";"1";0,7;1,2;10,3;19,3;2,4;1;2,4;2;4;11,9;2,4;1;2;8;;;;;;1,2;0,8;10,4;25,2;1,2;0,9;27,6;75,4;1,9;4;13,2;27,2;1,6;0,1;3,7;13,5;1;0,7;26;68,9;1,2;0,4;31,1;85,7;4,3;1,7;30,2;60,9;0,5;4,8;31,8;74,5;0,5;5,1;34,2;73;0,7;2,4;16,6;36,6;1,7;3,2;5,4;24,2;1,7;3,2;4;16,2;1,7;2,3;3,5;13,3;;;;;;;;;;;;;;3;0,9;5,7;1,3;2;7,1;5,6;0;12,1;25;1,3;1;9;16;5,9;2,5;2;8,2;12;6,7;1,4;2,4;4;10;58,3;1,5
"Het Zand-Oost";"Utrecht                                 ";"Buurt     ";"BU03440922";"1";0,7;1,3;6,1;23;1,7;0,8;1,7;2;4,6;11;1,7;1;2,6;8;;;;;;0,9;1,1;8,3;33,3;0,8;3,3;20,1;126,1;1,1;6;13,4;27,7;1,4;0,2;3,6;26,3;0,7;4,4;23,1;116,8;0,9;3,3;27,1;148,4;4,2;6,2;30,8;61,2;0,4;7,6;31,1;93,8;0,4;4,6;30,1;81,5;0,5;4,8;17,3;44,2;0,9;3;8;25;0,9;3;5;17;0,9;2;5,7;14;;;;;;;;;;;;;;2,5;1,1;4,9;1,2;2,4;6,3;5,1;0,5;12,8;25;1,3;2,4;9;16,3;5,1;1,8;2,9;8,4;12;5,9;1,5;1,7;4;10;58,1;0,7
"Leidsche Rijn-Centrum";"Utrecht                                 ";"Buurt     ";"BU03440931";"1";1,2;0,4;6,8;32;0,9;0,3;0,9;2;6,4;11,7;0,9;1;4,4;8,7;;;;;;0,3;1;13,3;52,1;0,2;6;34,1;216,8;0,3;9,9;14,4;28,7;1,9;0;8,3;74,1;0,2;13,2;38,2;237,7;0,2;10,8;43,7;351,4;3,6;18,2;32,5;64,2;0,4;5,1;34,5;109,6;0,5;2,5;32;87,9;0,5;3,4;20,2;54;0,7;3,7;11,7;25,2;0,7;3;7,7;17,2;0,7;2;7,8;14,2;;;;;;;;;;;;;;1,8;0,4;4;1;3,5;5,4;4,2;2,9;13;26,4;2,4;6,2;9;17,1;4,2;0,8;6,4;8,6;13,2;5;1,4;0,9;4;10;58;0,8
"Grauwaart";"Utrecht                                 ";"Buurt     ";"BU03440932";"1";0,9;0,8;5,9;27,2;1,2;0,5;1,2;2;5,6;11,3;1,2;1;3,6;8,3;;;;;;0,6;1;9,5;44,3;0,5;6;22,4;185,7;0,5;9;14,2;28,1;1,7;0;6,7;55,2;0,4;11,9;28,4;196,1;0,5;10,6;35,6;279,6;3,8;13;31,8;62,3;0,3;5;32,6;100,8;0,5;2,4;29;84,2;0,5;3,4;18,7;49,9;0,5;3,2;10,2;25,1;0,5;3;6,2;17,1;0,5;2;7,1;14,1;;;;;;;;;;;;;;2;0,8;4,3;0,8;3;5,7;4,5;2,1;13;25,4;2;4,8;9;17;4,5;1,2;5,3;8,5;12,5;5,4;1,5;1,2;4;10;58;0,6
"Hoge Weide";"Utrecht                                 ";"Buurt     ";"BU03440933";"1";0,5;1;3,9;20,4;2,1;1,4;2,1;2;5,9;11;2,1;1;3,9;8;;;;;;1,4;0;4,9;38,1;1,1;0,4;15,2;145,6;1,4;4,9;14,3;27,6;2,1;0;2,9;26,3;1,2;0,5;20,2;129,1;0,8;1,6;23,3;146;2,8;4,9;31,3;58,1;0,4;2,8;22,8;90,2;0,4;2,6;17,8;73,4;0,4;2;12,8;47,3;0,8;3,2;9,6;29,6;0,8;3;5,6;21,6;0,8;2,2;6,6;17,3;;;;;;;;;;;;;;1,6;1,7;4,8;0,7;3,2;6,4;5,1;0,3;14,1;25;2,5;2,3;10;16,1;5,1;1,1;2,1;9;12;5,9;2,7;2,1;4,3;10;57;1,8
"Leeuwesteyn";"Utrecht                                 ";"Buurt     ";"BU03440934";"1";1;0;3;18,9;2,1;1,2;2,1;1;6;11;2,1;1;4;8;;;;;;1,2;0;7;36,3;1;0;17;153;1,2;6;14;28;2,5;0;3,4;37,6;1;1,4;19,4;148,5;1;0,4;22,2;190,6;3,1;8,7;31;58,7;0,9;1,3;24,4;84;0,9;1,3;15,7;63,3;0,9;1,3;13;45;1,4;3;9;29;1,4;3;5;21;1,4;2;6;17;;;;;;;;;;;;;;1,9;1,4;4,5;1,3;3,6;6;4,8;1;13;25;3,2;3,7;10;17;4,8;0,6;3;9;12;5,6;2,6;2,1;4;10;56;1,8
"Parkwijk-Noord";"Utrecht                                 ";"Buurt     ";"BU03440941";"1";0,6;2,1;6,8;21,9;2;0,6;2;2;4,3;11;2;1;2,3;8;;;;;;0,7;1,9;9,2;31,5;0,7;3,8;22,3;120,5;1,4;5,6;14,4;27,3;0,9;0,6;2,8;19,7;0,6;2,1;23,2;102,5;0,6;2,6;26,2;123;3,9;4,1;31,3;58,5;0,5;7,3;32,4;89,8;0,5;4,8;29,9;80,9;0,6;4,3;18,5;43;0,8;3;8,9;25,2;0,8;3;5,1;17,2;0,8;2;6,2;14,1;;;;;;;;;;;;;;2,7;1,6;5,1;1;2,2;6,6;5,4;0,2;12,6;25;1,1;1,7;9,1;16,1;5,4;1,7;2,5;9;12;6,2;2;2;4;10;58,3;1,1
"Parkwijk-Zuid";"Utrecht                                 ";"Buurt     ";"BU03440942";"1";0,5;1,9;6,5;24,9;2,1;0,6;2,1;2;5,6;11;2,1;1;3,6;8;;;;;;0,6;1,9;9;37,3;0,4;4,5;22,1;152;1,2;6,8;14,2;27,9;1,3;0,2;3,8;29,2;0,6;2,3;23,7;132,4;0,4;5;26,3;157,5;3,3;5,5;31,1;58,1;0,5;4,8;30,6;96,1;0,5;3,6;27,2;82;0,5;3,3;18,5;49,4;0,5;3;9,9;28;0,5;3;5,9;20;0,6;2;6,9;16,2;;;;;;;;;;;;;;2,1;1,5;4,8;0,6;2,9;6,2;5;0,5;13;25;1,7;2,5;9,8;16,3;5;1,4;3;9;12;5,9;2,4;2,1;4;10;57,2;1,4
"Langerak";"Utrecht                                 ";"Buurt     ";"BU03440943";"1";0,8;0,8;6,2;20;2,7;0,9;2,7;2;5,2;11;2,7;1;3,2;8;;;;;;0,8;1,4;6,2;31,5;0,6;3;17,8;114,5;1,9;4,6;14,6;27;1,3;0,3;2;16;0,8;0,8;22;89,3;0,5;2,7;23,7;104,5;2,9;3,3;31,5;56,4;0,4;4,7;28,2;82,5;0,4;2,7;25,3;75,9;0,6;2,7;16,1;41,7;1,2;3;9;28,9;1,2;3;5,1;20,9;1,2;2;6,1;17;;;;;;;;;;;;;;2;2,2;5,3;1,3;2,9;6,9;5,6;0;12,9;25;1,8;1,6;10;16;5,6;2;1,9;9;12;6,4;2,9;2,7;4,1;9,9;57,4;1,7
"Rijnvliet";"Utrecht                                 ";"Buurt     ";"BU03440951";"1";2;0;5,5;16,9;3,6;1,9;3,4;2;6,1;11;3,6;1;4,1;8;;;;;;1,9;0;5,2;29,5;1,7;0;18,7;114;2,7;2,6;14,3;26,1;2,2;0;2,1;15,5;1,6;0;16,7;84,8;1,4;0;20,3;103,5;1,8;6,1;31,4;54,9;0,8;1,7;20;73,9;0,8;0,7;17,2;66,1;0,8;1,5;12,1;38,7;2,1;2,3;9,6;29,5;2,1;2;5,6;21,5;2,1;1,3;6,6;17,1;;;;;;;;;;;;;;1,6;3,1;5,1;2;3,3;7,7;5,6;0,1;14;24,7;2,8;2,4;10,1;16;5,4;2,5;2,1;9;12;6,2;3,4;3,6;4,1;9,1;56,7;1
"Bedrijvengebied Strijkviertel";"Utrecht                                 ";"Buurt     ";"BU03440952";"1";;;;;;;;;;;;;;;;;;;;;;;;;;;;;;;;;;;;;;;;;;;;;;;;;;;;;;;;;;;;;;;;;;;;;;;;;;;;;;;;;;;;;;;;;;;;;;;;;;;;;;;;;;;;;;
"Bedrijvengebied Papendorp";"Utrecht                                 ";"Buurt     ";"BU03440953";"1";2,3;0;3,5;22,2;4,4;2,3;4,4;1,5;7,8;11,2;4,4;0,8;5,8;8;;;;;;2,1;0;6,9;40,2;1,5;0,2;29,2;184,3;2,3;5,5;16,2;27,5;2,3;0;1,7;62,2;2,1;0;17,2;183,2;1;0,8;10,1;270,3;0,9;13,8;35;56,6;1,2;0,2;16,8;84,1;1,8;0;13,3;75,5;2,3;0;12;45,4;2,5;2,8;10,8;33,2;2,8;0,7;6,8;24,4;2,5;2,2;7,1;18,7;;;;;;;;;;;;;;0,4;4;4,4;2;2,6;7,8;4,6;5;16,9;24,5;3,7;5,3;11,9;16,3;4,2;3,4;5,7;9,3;12;5,5;2,2;4,5;5,3;9,8;54,2;2,3
"Wijk 10 Vleuten-De Meern";"Utrecht                                 ";"Wijk      ";"WK034410  ";"1";0,9;1,3;8,5;16,2;4,9;1;2,2;1,6;3,1;11,5;4,9;0,6;1,6;7,8;;;;;;1;1;5,9;16,2;0,9;2,9;17,1;46,8;2;3;13,8;26,4;1,4;0,4;2,3;6;0,9;1,7;10,8;37,5;0,9;2,4;17,8;48,7;4,1;1,3;27,2;53,6;0,5;3,6;24,7;55,8;0,5;4;28,6;59,1;0,8;1,6;10,7;28,2;1,9;1,3;4;21,6;1,9;1,3;3,8;15,3;1,9;1,1;2,9;11,8;;;;;;;;;;;;;;2,1;2,2;8;1,3;2,2;9,3;4,9;0,5;10,8;24,3;3;1;8,5;15,8;8,2;2,4;1,5;8;12;9;2;4,8;4;9,5;61,3;1,5
"Haarrijn";"Utrecht                                 ";"Buurt     ";"BU03441011";"1";1,3;0,1;6,7;20,6;4,8;1,5;4,6;1,9;2;11,5;4,8;0,9;1;7,5;;;;;;1,4;0;3,1;18,7;1,3;0,1;10,4;56,2;1,5;4,3;13,7;27,1;1,4;0;2,3;9,8;1,2;0,4;11,3;39;0,9;0,9;19,3;61,8;3,4;1;23,5;57,9;0,4;1,6;11,3;50,8;1,2;0,2;10,6;63,6;1,2;0,3;5,7;26,8;3;0,5;4,9;18,8;3;0,5;3,9;13,3;3;0,5;2,9;10,4;;;;;;;;;;;;;;2,6;1,8;8,7;1,3;3,4;8,1;2,6;1,5;7,6;24;4,7;0,9;7;15,5;9;1,2;1;7;12;8,3;3,4;3,5;4;10;57,9;2,4
"Haarzuilens en omgeving";"Utrecht                                 ";"Buurt     ";"BU03441012";"1";2,6;0;3;10,6;6,3;2,7;5,5;0,2;2,3;10,4;6,3;0;1,3;7;;;;;;2,7;0;1,8;9,3;2,3;0;8,3;29,3;2,8;2,2;8,5;27,7;2,7;0;1,3;3,2;1;0,6;5,5;20,6;0,9;1,4;9,6;27,1;4,4;1;9,9;56,7;0,9;0,7;8,6;31;2,5;0;5,9;34,1;0,9;0,6;3,7;13,1;3,8;0,2;2;14,5;3,9;0,2;1,5;10,3;3,9;0,2;1,5;7;;;;;;;;;;;;;;4;2,8;10;2,6;4,6;9,9;1,6;1;4;23,3;6;0,1;2,9;14,2;10,3;2,6;1;3,3;11,2;10,1;4,7;5,3;3,9;9,6;60;3,3
"Vleuten";"Utrecht                                 ";"Buurt     ";"BU03441013";"1";0,6;2,3;8,3;20,7;4,5;0,8;3,8;2;2,9;12;4,5;1;1;8;;;;;;0,7;1,7;5;21,7;0,6;6,3;14,9;61,9;0,8;4,5;13,9;27;0,7;1,3;2;9;0,7;3;11,7;50,8;0,6;5,3;20,6;67,8;3,8;1,3;26,8;58,4;0,5;3,6;20,9;60,6;0,4;3,1;25,3;67,6;0,4;1,9;7,8;30,1;2,3;1;6,5;19,4;2,3;1;5,5;13,7;2,3;1;3,9;10,2;;;;;;;;;;;;;;2,8;1,1;7,8;0,7;2,6;8,5;3,2;1,1;12,9;24;3,7;1;8,7;16;8,1;0,8;1,5;8;12;8,7;3,1;4;4;10;59,1;1,7
"Máximapark";"Utrecht                                 ";"Buurt     ";"BU03441014";"1";1;1,2;9,6;17,2;4,1;1,3;2,7;1,9;3,1;12;4,1;0,9;1,5;8;;;;;;1,3;0,4;7,7;18,3;1,2;2;20;48,9;1,7;3,4;13,3;26,8;1,3;0,6;2,6;7,6;1,2;1;13,3;45,4;1,1;1,5;20,3;57,4;3,9;1,2;28,7;57,2;0,7;1,7;28,9;60;0,6;3,7;34,3;62,3;1,1;0,5;13;29,4;1,8;1,6;4,8;21,1;1,8;1,6;4,5;14,5;1,8;1,4;3,3;11,6;;;;;;;;;;;;;;2,7;1,5;7,4;1,3;1,7;8,5;4,6;0,6;11,8;23,8;2,6;1;8,6;16;7,7;1,9;1,6;8;12;8,5;2,1;4,1;4;10;59,9;1,9
"Vleuterweide-West";"Utrecht                                 ";"Buurt     ";"BU03441021";"1";1,4;0,5;8,1;14,7;5,3;1,4;2,9;1,2;2,1;11,7;5,3;0,2;1,1;7,7;;;;;;1,5;0,1;5;15,6;1,6;0,2;16;44,3;1,8;2,5;13,1;27;1,7;0;2;5,1;1,5;0,2;8;33,4;1,5;0,5;15,6;41,1;4;1,3;24,5;55,2;0,4;5;21,9;53,9;0,5;4,5;24,3;57,8;0,7;1,6;8,4;26,9;1,7;1;2,1;19;1,7;1;2,1;13,1;1,7;1;2;10,7;;;;;;;;;;;;;;2,5;1,6;8,6;1,6;2,5;10,1;3,5;1;7,8;24;3,9;1;7,1;15,6;8,9;1,9;1;7;12;9,7;2,3;5,3;3,6;9,9;61,7;1,3
"Vleuterweide-Noord/Oost/Centrum";"Utrecht                                 ";"Buurt     ";"BU03441022";"1";0,6;2,4;9,7;15,7;4,9;0,7;2,3;1,7;2,5;12;4,9;0,7;1;8;;;;;;0,8;1,3;5,7;16,8;0,9;3,4;18,4;48,4;1;3;13,1;27;1,3;0,1;2,7;5,4;0,7;1,4;9,7;42,5;0,8;2,7;18,5;50,6;4,3;1,7;26,9;56,2;0,7;1,5;27,2;57,6;0,6;2,9;31,5;59,8;1,1;0,3;10,5;29,4;0,9;1;3,8;19;0,9;1;3,8;13,5;0,9;1;3;10,4;;;;;;;;;;;;;;2,7;1,3;8,1;0,8;1,8;9,5;4;1;10,9;24;3,2;1;8,3;16;8,3;1,6;1,4;8;12;9,2;1,8;4,8;4;10;61,6;1,1
"Vleuterweide-Zuid";"Utrecht                                 ";"Buurt     ";"BU03441023";"1";1,1;0,8;9,8;15,6;5,4;1,3;1,9;1,3;2,4;11,6;5,4;0,3;1,2;7,6;;;;;;1,1;0,9;5,8;15,3;1,1;3,2;19,1;44,2;1,7;2,6;13;26,9;2,1;0;3;5;1,1;1,2;9,9;34,7;1,1;0,5;18,4;44,3;4,3;1,1;24,7;52,7;0,4;3,5;24,2;54,5;0,3;5,5;30,4;58;0,8;1;10,2;27,5;1,4;1;3,2;19,3;1,4;1;3,2;13,5;1,4;1;2,5;10,7;;;;;;;;;;;;;;1,9;2,2;8,6;1,4;1,6;10;4,6;0,8;8,3;24,2;3;1;7,6;15,6;8,8;2,5;1,4;7,5;12;9,6;1,4;5,3;3,4;9,5;62,3;1,9
"Veldhuizen";"Utrecht                                 ";"Buurt     ";"BU03441024";"1";0,8;0,7;7,5;15,7;5,6;0,8;0,7;1;2,6;11;5,6;0;1,6;7,7;;;;;;0,8;0,8;5,3;13,8;0,8;1,7;15,6;40,5;2,3;2,5;13,4;25,4;2,1;0;1,9;5;0,8;0,8;8,3;26,9;0,7;1,3;13,5;37,2;4,4;1;25,1;50;0,5;5;22,4;53,6;0,5;4,6;28,9;55,1;0,6;2,7;9,5;27,3;2;1;3,5;20;2;1;3,5;13,9;2;1;2,5;11,1;;;;;;;;;;;;;;1,6;3,1;8,6;1,9;2,1;10,1;5,9;0;10,1;24,3;3,1;1;7,9;15,7;8,9;3,5;1,3;8;12;9,7;0,8;5,6;3,7;9;62,8;2,1
"De Meern-Noord";"Utrecht                                 ";"Buurt     ";"BU03441031";"1";0,8;1,1;10,9;15,9;3,6;0,8;1,8;2;4,2;11,2;3,6;1;2,2;8;;;;;;1,2;0,4;9,8;15,6;0,9;1,5;25;44,8;2,5;3,1;15,5;26,2;0,9;0,9;3;7,3;0,8;2,2;19,4;41,5;0,8;3,3;26,6;56;4;1,6;32,4;52,7;0,8;2,1;36,9;59,6;0,6;3;38,9;63,2;1,2;0,4;19;29,4;2;3;4,4;26,3;2;3;4;18,3;2;2,1;3,3;14;;;;;;;;;;;;;;2,1;2,6;6,7;1,3;1,6;8,1;6,1;0;12,7;25;1,3;1;10;16;6,9;2,9;2;8,9;12;7,8;2;3,6;4,1;9,1;61;1
"De Meern-Zuid";"Utrecht                                 ";"Buurt     ";"BU03441032";"1";0,6;1,6;6,5;15,3;4,4;0,9;2,1;1,9;4,9;11;4,4;0,9;2,9;8;;;;;;0,6;1,7;5,5;14,7;0,6;4,8;13,9;43,8;3,5;3,1;16;26;0,8;0,8;2;5;0,6;3,5;11;34,6;0,8;3,3;14,9;46,9;3,8;1,5;32,2;49,7;0,5;4,4;23,6;53,7;0,4;5,3;24,6;55,8;0,4;3,3;11,9;27,8;2,8;1,4;4,4;30,1;2,8;1,4;4;22,2;3;0,7;3,3;16,5;;;;;;;;;;;;;;1;3,6;7,1;0,7;2,5;8,7;7,1;0;12,7;24,7;2,3;1;11;16;7,4;3,8;2;9;12;8,2;2,4;4,4;5;9;61,3;0,7
"Bedrijvengebied Oudenrijn";"Utrecht                                 ";"Buurt     ";"BU03441033";"1";1,2;0,4;6,1;18,8;3,6;1,2;2,8;1,9;5,1;11;3,6;0,9;3,1;8;;;;;;1,1;1;4,8;24,8;1,1;2,1;13,7;87,4;2,8;4,2;15,3;26,4;1,4;0;2;11,4;0,9;0,7;15,8;64,6;1;1,9;19;71,8;2,6;2,7;32,4;54,2;1;2,1;26,5;71,5;0,9;1,2;25,7;71,6;1;1,3;14,6;38,6;2;2,4;8,5;29,1;2;2,4;4,9;21,2;2,1;1,5;5,8;16,6;;;;;;;;;;;;;;2,2;3,1;5,7;1,5;3,1;7,8;6,1;0;12,7;24,7;2,1;1,2;10,2;16;6;2,8;1,6;9;12;6,8;3,1;3,6;4,1;9,2;57,1;1,1
"Rijnenburg";"Utrecht                                 ";"Buurt     ";"BU03441041";"1";1,9;0,2;2,7;7,7;4,6;2,4;4,4;0,8;3,6;11,4;4,6;0,6;2,5;7,8;;;;;;2,4;0;4,1;13;2,4;0;11,1;37,6;3,9;1,1;10,2;26,4;3,5;0;0,7;4,6;2;0,1;7,7;27,2;2,1;0;9,7;35,6;3,6;1,4;18;48,2;2,2;0,1;4,4;19,5;2,1;0,1;6,3;21;2,1;0,3;4,3;14,2;3,9;0,2;3,5;23,3;3,9;0,2;3,3;18,3;4,5;0;1,9;14,6;;;;;;;;;;;;;;2,6;7,8;9,5;3,7;4,6;12,8;5,4;0,5;10,5;24,8;4,2;0,8;7,1;16,7;8,4;3,8;0,9;6,5;12;10,3;3,9;6;2,4;9;52,5;3,2
